Cell	Percent_Mitochondrial	Clusters
AAACGAATCGGCACTG	10.1788756388416	0
AAACGCTAGCTACTAC	9.32763311309755	0
AAACGCTAGTTAGTAG	12.4352331606218	0
AAACGCTGTAGTCTGT	8.58251540744122	1
AAAGAACAGTAGCCAG	11.7405063291139	0
AAAGAACCAGCCTTCT	6.66863381528474	1
AAAGAACGTTGACGGA	7.85597381342062	0
AAAGAACTCGGTCGAC	9.74452554744525	0
AAAGGGCCAAGAAATC	4.8153342683497	1
AAAGGGCGTTCAGCTA	9.80207351555137	0
AAAGGGCTCCCATGGG	10.0523168908819	0
AAAGGGCTCTGAGGTT	9.18984280532043	0
AAAGGTACAAACACGG	10.4535398230088	0
AAAGGTACAAACGAGC	8.41878035617917	0
AAAGGTACAACGTAAA	9.35875216637782	0
AAAGGTACATTCACAG	10.2177554438861	0
AAAGGTAGTCATCACA	6.44234714813295	0
AAAGGTATCACAAGAA	6.68026517083121	1
AAAGTCCAGGAAGAAC	7.29699034639409	0
AAAGTCCAGTTGGGAC	8.35266821345708	0
AAAGTCCGTACAGTCT	9.171826625387	0
AAAGTCCGTAGACGTG	9.23129718599863	0
AAAGTCCTCAGCAGAG	7.28008088978766	0
AAAGTGACATTCAGGT	10.7882623705409	1
AAAGTGAGTCTCAGAT	11.9089939566299	0
AAATGGACACCGAATT	10.5025996533795	0
AAATGGACATGTCGTA	4.84816196057539	1
AAATGGAGTGCAGTGA	8.0950463149416	0
AAATGGAGTGGGCTCT	10.9101029780128	0
AAATGGATCTTTGCAT	7.14285714285714	0
AACAAAGAGGCACAAC	10.0565428109855	0
AACAACCGTACTAGCT	9.64119419337168	0
AACAACCTCTCTCCGA	7.41959064327485	0
AACAAGAGTCAGGTAG	8.46426761277243	0
AACAAGAGTGCCTACG	13.007614213198	0
AACAAGATCCTACCAC	7.74436090225564	0
AACAAGATCGTTATCT	8.11339198435973	0
AACACACAGCAGATAT	7.34287492221531	0
AACAGGGAGAACCGCA	8.38779956427015	0
AACAGGGCATGCCGAC	8.70032223415682	0
AACAGGGCATGGAACG	10.917225950783	0
AACCAACCACCCAAGC	11.967727476468	0
AACCAACCACGGTGTC	6.70308888421937	1
AACCAACCATGCCATA	9.71957527906344	0
AACCACACACTACCGG	9.22362309223623	0
AACCACAGTCTGTAGT	11.8242064876177	0
AACCATGAGAACTCCT	11.6998269896194	0
AACCATGAGGGTGAAA	8.09114927344782	0
AACCATGCAACACGTT	9.9866844207723	0
AACCATGTCTGGTTGA	5.7085628442664	0
AACCCAAAGGTGCCTC	10.0358422939068	0
AACCCAAGTTCAAGGG	6.89396777819408	0
AACCTGAGTTCCGCAG	9.10526315789474	0
AACGAAAGTAACGTTC	9.27530523828279	0
AACGGGACAAAGGGCT	13.406862745098	0
AACGTCAAGGAACTAT	8.03324099722992	0
AACGTCACATCATTTC	10.2612646724725	0
AACGTCAGTAGGGTAC	8.5883514313919	1
AACGTCATCTTGTTAC	7.49895702962036	0
AACTTCTGTGCATTAC	7.36750145602796	0
AAGAACATCATGCCCT	7.01376936316695	0
AAGACAAAGGTGCTAG	8.2791504117902	0
AAGACAACAAGTGTCT	11.8981481481481	0
AAGACAAGTGTTCGAT	11.2815884476534	0
AAGACAATCCAAGCTA	8.16149068322981	1
AAGACAATCCGTGGGT	10.9846610588817	0
AAGACAATCTTAAGGC	6.8242983467897	0
AAGACTCAGAAGGATG	7.63052208835341	0
AAGACTCAGGCACCAA	10.0448740075941	0
AAGACTCCACAAATGA	9.03741067675494	0
AAGATAGAGCCGAACA	12.1396054628225	0
AAGATAGAGCCTATCA	12.382965871338	0
AAGATAGAGGTTCTAC	8.0154007700385	0
AAGATAGCATCGAAGG	8.6636697997548	0
AAGCATCAGTTGTACC	6.03577549271637	1
AAGCATCGTTTCACAG	9.05782450465022	0
AAGCATCTCTATTGTC	7.83758262511804	0
AAGCCATAGACTTCCA	6.93215339233038	0
AAGCCATTCTACACTT	4.83592400690846	1
AAGCGAGAGCGTGAGT	12.9230769230769	0
AAGCGTTCATAATCGC	7.13118103800572	1
AAGGAATCATCGGCCA	7.49542961608775	0
AAGGTAAGTCGGTAAG	7.23251643753736	0
AAGTACCCAGAGTGAC	5.89717741935484	0
AAGTACCCAGCATGCC	13.9252948885976	0
AAGTACCGTATTCTCT	9.6620006828269	0
AAGTCGTTCGCCTTGT	7.43670886075949	0
AAGTGAAGTATACGGG	9.13022585295531	0
AAGTGAATCTAGATCG	7.12226066897347	0
AAGTGAATCTATTTCG	7.16795502459592	0
AAGTTCGCACGGATCC	10.3433658329801	0
AATAGAGCACTGCACG	8.2445894881484	0
AATAGAGTCACGAACT	8.5513078470825	0
AATAGAGTCCCTCTAG	14.2111368909513	0
AATAGAGTCGTGCAGC	8.88728323699422	0
AATCACGAGAGCAACC	14.1472172351885	0
AATCACGAGTATGGCG	10.2247191011236	0
AATCACGAGTCAACAA	10.8712413261372	0
AATCACGTCCGCGGAT	9.61333806314296	0
AATCGACCACTACCCT	7.29643990130419	0
AATCGACCATCACGGC	6.06898795964855	1
AATCGACCATTACTCT	8.4324610097806	0
AATCGACGTTACAGCT	9.44979794839913	0
AATCGACGTTCGGACC	8.88395335924486	0
AATCGTGCACTACCGG	4.74365117393388	0
AATCGTGCAGAGAATT	11.6719242902208	0
AATGAAGGTCACTACA	7.63671875	2
AATGAAGGTTAAGACA	8.38621940163191	0
AATGAAGTCGTCCTTG	9.20736589271417	0
AATGAAGTCGTCGCTT	9.2183908045977	0
AATGAAGTCTTCCAGC	5.15168860904408	1
AATGCCATCAAAGGTA	10.1914414414414	0
AATGGAAAGTGAACAT	8.24550526968382	0
AATGGAATCACCTCTG	9.13621262458472	0
AATGGCTCAACCTAAC	9.81500513874614	0
AATGGCTCAGAACTTC	7.66037735849057	0
AATGGCTGTGATAGTA	8.72707059477487	0
AATGGCTGTGCTGCAC	7.8626299141437	0
AATTCCTTCACTTGTT	7.84559325893874	0
AATTCCTTCTGGTGGC	8.90887986070807	0
AATTTCCGTATAATGG	8.07302231237323	0
AATTTCCGTCCTACGG	5.39415411868911	1
AATTTCCTCGCAAGAG	8.56082692817387	0
ACAAAGACACAGCTTA	9.09980430528376	0
ACAACCAAGTAGCAAT	5.74048913043478	0
ACAACCAGTAGTTAGA	8.73106369115491	2
ACAACCAGTGCTGCAC	6.59121171770972	1
ACAAGCTTCGCGGTAC	11.2284069097889	0
ACAAGCTTCTCCACTG	10.0704517198508	0
ACACAGTCAGGCAATG	8.34209603925692	0
ACACAGTGTTAAGAAC	8.10055865921788	0
ACACCAAAGACGAAGA	8.45684394071491	0
ACACGCGCATCCGAAT	8.4716796875	0
ACACTGAAGCAATTCC	8.21314102564103	0
ACACTGAGTTCCAGGC	8.51365732529266	0
ACACTGAGTTGAGTCT	4.90901396529835	0
ACAGCCGAGACATACA	12.6400459638035	0
ACAGCCGCACGGTGCT	11.3995183302114	0
ACAGGGAAGCAATAAC	7.65124555160142	0
ACAGGGAAGTGGCAGT	7.35434574976122	0
ACAGGGATCTGTCGTC	10.1442741208296	0
ACATCGAGTATCAGCT	13.6818409204602	0
ACATCGATCCAGCAAT	10.3846153846154	0
ACATGCAAGGAACGAA	7.88442256858992	1
ACATGCACAGGAGGTT	9.95980348369808	0
ACATGCACAGTTTGGT	7.703081232493	0
ACATTTCGTACTCGCG	6.6845946984249	0
ACCAAACGTAACGCGA	8.91833810888252	0
ACCAAACGTATCGTTG	9.98402555910543	0
ACCACAACAATCTCGA	8.99641133523079	1
ACCACAAGTAATGTGA	6.92337611824193	0
ACCATTTTCCTTCAGC	7.11547676090081	1
ACCCAAAAGAGGTATT	6.61722760981175	0
ACCCAAAGTAACATAG	8.38390649584176	2
ACCCAAATCGAGATAA	10.9081281440297	0
ACCCTCAAGCTTTGTG	14.4766146993318	0
ACCCTCACAGGAACCA	5.15912235619688	2
ACCCTCAGTAGACAGC	6.80522963459604	1
ACCCTCAGTGTACGCC	9.1820987654321	0
ACCCTCATCCAACCGG	7.44645799011532	0
ACCCTTGCAGTAGAGC	9.6333572969087	0
ACCGTTCAGACACACG	8.1555333998006	0
ACCGTTCAGTTCCGGC	8.47736625514403	0
ACCGTTCTCAAGTAAG	11.2433862433862	0
ACCGTTCTCCCTTTGG	7.75982445641332	0
ACCGTTCTCTGGGCGT	9.53549517966696	0
ACCTACCAGCAGCAGT	8.4689349112426	0
ACCTACCAGCTGAAGC	6.03822762814944	0
ACCTACCAGTTAGTGA	7.41542092840283	1
ACCTGAAAGTAGAATC	7.79944289693593	0
ACCTGAAGTACAAACA	7.01058201058201	0
ACCTGAATCCACAGCG	7.41503604531411	0
ACCTGTCAGCACCAGA	9.40021045247282	0
ACCTGTCAGTAAAGCT	8.9041095890411	0
ACCTGTCGTAACACGG	9.34466019417476	0
ACCTGTCTCCGATGCG	7.94240594519275	0
ACGATCATCCACCCTA	11.888341543514	0
ACGATCATCGAAGAAT	9.41336971350614	0
ACGATCATCTACTATC	10.6832767081918	0
ACGATGTGTCTGATAC	7.46003552397868	0
ACGCACGAGGAAAGTG	9.74555928948632	0
ACGCACGTCAGCACCG	14.5923726878283	1
ACGCACGTCATGCCCT	11.3226007293427	4
ACGGAAGGTGTTAGCT	7.69985286905346	0
ACGGAAGTCCAACACA	9.16724982505248	0
ACGGAAGTCCACTGGG	11.9628807746621	0
ACGGGTCCAGACCTAT	8.00681431005111	0
ACGGGTCGTAAGGTCG	8.59621451104101	0
ACGGTCGGTGTCCAAT	12.8169663439373	0
ACGGTCGGTTGGCTAT	5.92435353145504	1
ACGGTTATCATCCCGT	8.59709153122327	0
ACGTAACAGACTACCT	4.92368291482029	0
ACGTAACAGCTAGATA	9.64630225080386	0
ACGTAACCACCAAATC	8.48459265512875	0
ACGTAACCATGAGATA	8.68970236058844	0
ACGTAACGTCCGATCG	11.4348948727407	0
ACGTACACAGCCTATA	12.5306456006538	0
ACGTACATCATTGGTG	6.36061946902655	0
ACGTCCTGTGACAACG	10.960960960961	0
ACGTCCTTCCAACCAA	6.58709106984969	0
ACGTTCCTCTCGTCGT	9.39863161685272	0
ACTACGACACGTGAGA	8.15602836879433	0
ACTACGATCTTACTGT	5.16	0
ACTATCTGTCGCATCG	7.19738276990185	1
ACTATGGCAAGGCTTT	9.73106138369944	0
ACTATTCCAATCCTAG	7.56043956043956	0
ACTCCCAAGTTGCGCC	7.60998810939358	2
ACTCTCGAGAAGTCAT	9.93362831858407	0
ACTCTCGAGTAACCGG	7.57927300850735	0
ACTGCAAAGACAGTCG	10.4522995058913	0
ACTGCAAAGGAGACCT	9.31174089068826	0
ACTGCAATCCTTTAGT	10.6451612903226	0
ACTGCAATCTCTGGTC	7.97829036635007	0
ACTGTCCAGCCTGAGA	10.0342633382281	0
ACTGTCCGTCAGACGA	7.48337028824834	0
ACTGTCCGTTAAACCC	6.61889496511409	1
ACTGTGACACCTGCGA	8.59932407059707	0
ACTGTGACATCATTGG	13.3012820512821	0
ACTGTGAGTGCAACAG	8.09106830122592	0
ACTGTGATCTGACCCT	6.9946195234435	0
ACTTAGGAGGCAGTCA	11.3657195233731	0
ACTTAGGCAGGTTCGC	8.53242320819113	0
ACTTAGGGTATGCTTG	2.73972602739726	1
ACTTAGGGTCCCGTGA	7.99457994579946	0
ACTTATCAGCTGGAGT	9.57202024850437	0
ACTTATCAGGAGTACC	9.08706677937447	0
ACTTATCCAATCACGT	8.7797619047619	0
ACTTATCGTTACCTTT	8.42032011134308	0
ACTTCCGGTCACAGAG	7.95644891122278	0
ACTTCCGTCCCGAACG	7.76132794975325	0
ACTTCGCCACTGCGTG	7.09779179810726	0
ACTTCGCCAGTTCTAG	9.72222222222222	0
ACTTCGCTCAAGTCTG	8.96525961897647	0
ACTTTCAAGGGACCAT	9.61538461538462	0
ACTTTCACAATCCTTT	8.54158224143365	1
ACTTTCACATGACGTT	10.7371112057946	0
ACTTTCAGTTTGTGGT	8.93129770992366	0
AGAAATGGTCAGCGTC	7.73366418527709	1
AGAAATGTCACCGGGT	7.23236663086287	1
AGAAATGTCGTCGCTT	8.00644814615798	0
AGAACAAGTACAACGG	8.01282051282051	0
AGAACAATCGTTCAGA	6.57632522917497	0
AGAACCTGTACCTTCC	8.8	0
AGAAGCGCATACTGTG	9.79418026969482	0
AGACAAACACGTAGTT	5.60556464811784	0
AGACAAACACTTGTCC	9.7289972899729	0
AGACAAAGTTAGAGAT	6.53204834021723	0
AGACAAATCCCAGTGG	6.27998255560401	0
AGACACTAGCTGGCTC	4.92069947132981	1
AGACACTGTAGACACG	7.70859805167302	0
AGACAGGGTCGCTGCA	10.6135986733002	0
AGACCATAGGAAGTAG	11.1658133123277	0
AGACTCATCTGCGGCA	11.8229854689564	0
AGAGAATAGCTGAGTG	7.6173724800433	1
AGAGAATAGCTGCCAC	9.79347101932045	0
AGAGAATAGTACTCGT	10.5109013992841	0
AGAGAATCATAGGAGC	7.93885601577909	0
AGAGAATCATCTAACG	13.5676338373519	0
AGAGAATTCACGACTA	7.88999098286745	0
AGAGAGCAGATTGATG	10.4306220095694	0
AGAGCAGCATACAGCT	7.09117221418234	1
AGAGCAGGTTCAAACC	5.69029850746269	1
AGAGCAGGTTTACTTC	13.1883549631708	0
AGAGCCCGTATCGCTA	7.33998825601879	0
AGATAGAAGCGGCTCT	9.11330049261084	0
AGATAGACATCGGAGA	8.7782340862423	0
AGATAGATCGAACTCA	10.7714701601164	0
AGATAGATCGCTTAAG	10.0689127105666	0
AGATCCACAGCGAGTA	9.27002583979328	0
AGATCCATCGAGTCTA	8.83190883190883	0
AGATCCATCGCAACAT	9.000900090009	0
AGATCGTGTCTTACAG	10.8386075949367	0
AGATGAAAGATAACAC	11.6837136113297	0
AGATGAACATCGGTTA	7.1345400656293	0
AGATGAAGTCACCCTT	10.7751937984496	0
AGATGAAGTCCCACGA	12.7022375215146	0
AGATGAAGTCTTCATT	9.20089143584846	0
AGATGAAGTTCCGCAG	7.4295010845987	0
AGATGAAGTTTCGGCG	8.64262990455991	0
AGATGAATCGCTTTAT	8.77926421404682	0
AGATGCTAGAGTCACG	7.91335101679929	0
AGATGCTAGGAAAGTG	8.56952317439146	0
AGATGCTCATAAGATG	11.4494518879415	0
AGATGCTGTGGCTGAA	8.8261253309797	0
AGCATCATCTACGGTA	14.6637265711136	0
AGCCAATCACCAAAGG	9.01287553648069	0
AGCCAATGTCTACGTA	7.06719916652197	1
AGCCACGGTTCGTAAC	8.17655571635311	0
AGCCACGGTTTCGGCG	8.5809376808798	1
AGCCACGTCCGTGTGG	12.4514991181658	0
AGCCAGCCAAATGCGG	7.28508984944148	0
AGCCAGCCAGGTTCCG	6.41205325858444	0
AGCCAGCGTAACAAGT	8.77281947261663	0
AGCGATTTCGTGTCAA	9.02497985495568	0
AGCGCCAAGTCATACC	10.4226508001641	0
AGCGTATAGTATTGCC	6.79113664341403	0
AGCGTATCATGACGAG	8.12157448928749	0
AGCGTATGTCTGTGGC	9.3167701863354	0
AGCGTCGCACTCTCGT	9.61732124874119	0
AGCTACAGTAGTTACC	8.73936581593194	0
AGCTACAGTGTTCCTC	7.89348549690918	0
AGCTCAAAGTCTTCGA	3.57268567405843	1
AGCTCAACAGTAACGG	6.60919540229885	0
AGGAAATAGGGTCTTT	6.34849167041873	0
AGGAAATTCAAGGTGG	11.1820199778024	0
AGGAATAAGGTTGACG	9.32203389830508	0
AGGAATAAGTTACGTC	8.82718607542478	0
AGGACGAAGAATTGCA	13.3060388945752	3
AGGACGACAATCGTCA	5.95623987034036	0
AGGACTTCAAACTGCT	8.61693707954096	0
AGGACTTGTTATAGAG	10.1374570446735	0
AGGAGGTGTAATTAGG	8.69145340415258	0
AGGATAAGTGAGTGAC	8.91432535553243	0
AGGCATTGTGGTGATG	10.5988797931926	0
AGGCCACTCCCTAGGG	10.2368866328257	0
AGGCCACTCTCTCGAC	10.8486439195101	0
AGGCCACTCTTCACGC	9.66850828729282	0
AGGCTGCGTAGTCTTG	7.70035572295459	2
AGGCTGCGTCACTCAA	10.4617792851552	0
AGGCTGCTCCTCACTG	8.00889877641824	0
AGGCTGCTCTAGCATG	7.16292134831461	0
AGGGAGTAGTTCATCG	6.97876029475509	2
AGGGAGTTCAAGTGTC	12.6012145748988	0
AGGGCCTAGACGCCAA	4.94087837837838	0
AGGGCCTAGCGCATCC	8.80361173814898	0
AGGGCCTTCGGCTGAC	8.32385717534683	0
AGGGCTCCAGGCTCTG	6.44320297951583	0
AGGGTCCAGGTTGAGC	14.1599154631913	0
AGGGTCCCATCCGAGC	8.77445932028836	3
AGGGTGAAGGCTGTAG	10.9905660377358	1
AGGGTGAAGTGCACTT	8.69017632241814	0
AGGGTGACATCACCAA	6.04319397661977	1
AGGGTGAGTCATGGCC	6.76358071920428	0
AGGTAGGGTTCCAGGC	9.96168582375479	0
AGGTAGGTCGGCAGTC	4.5426642111725	0
AGGTAGGTCTCGCAGG	7.25686316237497	2
AGGTCATAGCACAAAT	7.53880266075388	0
AGGTCATCAAACTCTG	6.4215432418436	0
AGGTCATCAACCAGAG	8.17005545286506	0
AGGTCTAAGCTGTACT	11.9293974437005	0
AGGTGTTTCTAACACG	7.63827919227393	0
AGTAACCAGCACGTCC	7.98355319513449	1
AGTAACCTCAAGCTGT	9.83560090702948	0
AGTAACCTCTACTCAT	7.59791122715405	0
AGTAACCTCTTTGATC	9.25361766945925	0
AGTACCAAGCGGTAAC	7.85101822079314	2
AGTACCATCGCAGAGA	6.38143582306019	0
AGTACTGCAAACGAGC	8.51345390383767	0
AGTACTGGTGGTCTGC	10.3111653447224	0
AGTACTGTCCGTGTAA	8.83125410374261	0
AGTAGCTGTATCAAGA	6.56970912738215	0
AGTAGCTGTTCTTAGG	7.88643533123028	0
AGTAGTCCATAGGTTC	6.52920962199313	0
AGTAGTCGTTAGTCGT	7.99507995079951	0
AGTAGTCTCTAACGCA	7.95412504624491	0
AGTAGTCTCTTAAGGC	13.3139323390324	0
AGTCAACCAAAGGGTC	9.79166666666667	0
AGTCAACGTCATCAGT	9.50507351418513	0
AGTCACAAGATGATTG	7.64617691154423	0
AGTCATGAGTCTGTAC	11.1892208553017	0
AGTCTCCAGCTGTACT	9.14872798434442	0
AGTCTCCCACCAAATC	6.95833333333333	0
AGTCTCCCACTTTATC	10.8423686405338	0
AGTCTCCGTATGCTAC	10.3394255874674	0
AGTGTTGCAAACCGGA	9.17622523461939	0
AGTGTTGTCCATTTGT	9.34744268077601	0
AGTTAGCAGATGCTGG	8.68232890704801	0
AGTTAGCAGTCACGCC	12.5192012288786	0
AGTTAGCCAGAGCCCT	11.3987635239567	0
AGTTAGCGTCTTGCTC	6.54911838790932	0
AGTTAGCGTGTCATCA	8.137347130762	0
AGTTAGCTCTTGCAGA	7.842287694974	0
AGTTCCCAGTCGAAGC	8.86590321388991	0
AGTTCCCTCTGGTGGC	11.2873134328358	0
AGTTCGAGTCGTCTCT	9.54235637779942	0
ATACCTTGTCCGAAAG	9.98708566508825	0
ATACCTTTCCCAATAG	9.27096502317741	0
ATACTTCAGCAGCCTC	10.7687097866576	0
ATACTTCGTTCTCGTC	8.65253077975376	0
ATAGACCAGATTGGGC	7.34864300626305	0
ATAGACCCAAGGACAC	10.3961870717903	0
ATAGACCTCCGCACTT	11.837327523602	0
ATAGAGACAAAGACGC	11.4768424118847	0
ATAGAGAGTAACCAGG	8.38206627680312	0
ATAGAGAGTTCGATTG	9.64607911172797	0
ATAGGCTGTTGCGGCT	10.928757926147	0
ATATCCTGTATGAGGC	11.3949716139497	0
ATCACAGAGGTTCTTG	9.0990990990991	0
ATCACAGCAAAGAACT	10.5830164765526	0
ATCACAGCACTGGCCA	10.1110461718293	0
ATCACGACATGCTGCG	9.33596318211703	0
ATCACGAGTGGTCCCA	11.8150142540386	0
ATCACGATCGTGGCGT	6.87645687645688	0
ATCACTTTCAATGCAC	6.94576593720266	0
ATCATTCCAACCGCTG	7.65154024511428	0
ATCATTCGTCGCATGC	3.70942812982998	0
ATCATTCTCTGTGCGG	7.5	1
ATCCACCGTGGCCACT	7.16624226991633	0
ATCCATTCACACACGC	6.7949242734343	0
ATCCATTCATGACAAA	8.23002754820937	0
ATCCATTTCACTGATG	11.5734720416125	1
ATCCATTTCAGCACCG	6.19834710743802	0
ATCCCTGCACTACACA	7.95837159473523	0
ATCCCTGGTAGGAGTC	8.11936155447606	1
ATCCCTGTCGACATTG	9.0513068731849	0
ATCCGTCAGCAAGTGC	8.51478713032174	0
ATCCGTCAGCTTACGT	5.96072931276297	0
ATCCGTCTCCCGAAAT	8.06954971020954	0
ATCCTATCACTTCATT	10.8752620545073	0
ATCCTATCAGTCAACT	8.92539964476021	0
ATCGATGAGGCGTCCT	8.93617021276596	0
ATCGATGGTCCGGACT	10.2710958381061	0
ATCGATGGTGACCGTC	6.83195592286501	0
ATCGATGTCTGTCCCA	10.0439882697947	0
ATCGCCTAGTCGGGAT	8.70406189555126	0
ATCGCCTTCAGCAGAG	6.02981029810298	1
ATCGGATTCACCCTTG	11.9509703779367	0
ATCGGCGAGCCTGACC	9.14990266060999	0
ATCGGCGAGTCAAGCG	14.2789373814042	0
ATCGGCGTCAAGTCTG	10.5609616485404	0
ATCGTAGCATGACTGT	7.02151755379388	0
ATCGTCCTCTACTGAG	12.7672571777642	0
ATCGTCCTCTCGACCT	6.62674650698603	0
ATCGTGATCGAGAATA	14.2311886586696	0
ATCGTGATCGCTTACC	8.4376117268502	0
ATCTCTACAGACAAAT	10.8547286317842	0
ATCTTCAAGATCGCCC	9.91810737033667	0
ATCTTCAGTTCGAAGG	13.0310262529833	0
ATGAAAGGTGCCTTTC	6.430652027784	2
ATGACCATCAGCAATC	7.92312879298719	0
ATGACCATCCGCAAAT	7.75321676014517	0
ATGAGTCAGCGCCATC	9.1948310139165	0
ATGAGTCTCCCGAGGT	8.06705081194343	0
ATGAGTCTCTTCACAT	7.88675429726997	0
ATGATCGGTCACTACA	8.65248226950355	0
ATGCATGAGCCGCTTG	7.11427301022677	0
ATGCATGAGGCGATAC	6.67236954662104	0
ATGCATGCAAATCCCA	14.8832156436719	1
ATGCGATAGTGGAAGA	11.9225543478261	0
ATGCGATGTCGTTTCC	7.4019245003701	0
ATGCGATGTTGCATTG	8.07573415765069	0
ATGGAGGAGAGCCATG	8.59683794466403	0
ATGGAGGAGCAACAAT	8.3975828297562	0
ATGGAGGTCCGCACGA	7.45440126883426	0
ATGGATCCAGTCTACA	10.8212147134303	0
ATGGATCTCGTCACCT	9.38179558869214	0
ATGGGTTCATAATGAG	8.75859572927977	2
ATGGGTTGTTGTATGC	8.87834632328024	0
ATGTCTTCACGCACCA	8.84275278738947	0
ATTACCTGTCACTCAA	9.06754772393539	0
ATTACCTGTTTGGGTT	11.1056511056511	0
ATTACCTTCGATAACC	7.59341100843712	0
ATTATCCGTCTTTCAT	7.30627306273063	0
ATTCACTGTATCGAGG	12.9260884238947	0
ATTCAGGTCCAGGACC	7.58164852255054	0
ATTCCATCACGAAAGC	8.27765404602821	0
ATTCCATCAGGCTACC	8.30432620586773	0
ATTCCATGTAGGCTGA	9.60099750623441	0
ATTCCATTCATGGATC	7.73085182534001	0
ATTCCCGAGAGCAAGA	11.6794200563834	0
ATTCCCGCATAGGAGC	7.98053527980535	0
ATTCCCGGTAACGGTG	10.9744560075686	0
ATTCCCGTCAGACTGT	10.7581660173809	0
ATTCCCGTCGGTGCAC	6.87379708551004	2
ATTCCCGTCTTGGGCG	13.9194139194139	0
ATTCCTAAGGCAGTCA	6.16580310880829	0
ATTCCTATCTCCTGTG	8.50150279089738	0
ATTCGTTAGTCGAAAT	6.73779885398143	1
ATTCTTGAGTGGCCTC	7.88743559254855	0
ATTCTTGCAATTGAAG	8.05009847987475	2
ATTCTTGGTAACAAGT	7.62599469496021	0
ATTGGGTCAGGCGAAT	9.33028048082427	0
ATTGGGTGTATGTCCA	10.0639515314709	0
ATTGTTCAGCAAGGAA	9.18518518518519	0
ATTGTTCCAGAGAAAG	9.47741364038973	0
ATTGTTCTCTACGGTA	10.4046242774566	0
ATTTACCTCAGTCACA	7.25907384230288	0
ATTTACCTCCCTATTA	8.70032223415682	0
ATTTACCTCCTTCTAA	7.2293864790934	0
ATTTACCTCGAACACT	8.57224770642202	0
ATTTCTGTCCGACATA	5.54938956714761	1
CAAAGAATCCGGCAGT	11.7021276595745	0
CAACAACTCGAGTCCG	9.44424264438794	0
CAACAGTCAAGGTACG	8.48113511770397	0
CAACAGTCAGCTGAGA	5.95588235294118	0
CAACAGTGTCCAACGC	8.31482069184386	0
CAACAGTGTCTACACA	10.5477424130274	0
CAACAGTTCCATTTCA	6.4736499674691	0
CAACCAACAAGAATGT	8.1306990881459	0
CAACCTCGTCCTGGGT	6.44966847498493	0
CAACCTCGTGGGTTGA	7.07523667164923	1
CAACGATAGTGGACTG	8.10283687943262	0
CAACGATAGTTTAGGA	10.2739726027397	0
CAACGATTCTGAGGTT	6.12460401267159	0
CAACGGCAGGAGTCTG	13.7088974854932	1
CAACGGCGTATCATGC	7.24582701062215	0
CAACGGCGTCAACATC	7.55697720911635	0
CAACGGCTCGGAATGG	13.4915254237288	0
CAAGACTAGTCCCAGC	9.09090909090909	0
CAAGACTCAACTGCTA	8.85634588563459	0
CAAGAGGAGCTTAGTC	6.25711035267349	0
CAAGAGGAGTAAACGT	9.90790727214989	0
CAAGAGGAGTAACGTA	10.7594936708861	0
CAAGCTAAGATGATTG	6.95335900727428	1
CAAGGGAGTCAGACGA	12.3732251521298	0
CAAGGGATCTGCATAG	7.5044014084507	0
CAATACGGTACTCCGG	9.79133226324237	0
CAATACGGTGAATGAT	8.30592105263158	0
CAATCGACACTAACGT	9.21202893033879	0
CAATCGACATGGGTCC	6.72853828306264	0
CAATCGACATGTTTGG	9.06196424197894	1
CAATCGATCACCATCC	9.82394366197183	0
CAATCGATCACTTGTT	7.6193134245046	0
CAATCGATCCTAACAG	7.2463768115942	0
CAATTTCAGTTGCGAG	10.96011816839	0
CAATTTCGTGTCTTAG	7.11793440334962	3
CAATTTCTCATGAGGG	11.8469765528589	0
CAATTTCTCCTAGAGT	9.71332209106239	0
CACAACAAGAAGATCT	8.61969667882511	0
CACAACAAGCAACTTC	11.8800118800119	0
CACAACAAGTTGCATC	7.63433813892529	0
CACAACATCTCTAAGG	6.38129211256441	0
CACACAAAGTAACAGT	10.2543399273314	0
CACACAAGTGCCGTAC	11.8501529051988	0
CACACAATCCCTCTCC	8.97104446742503	0
CACACAATCGCTGACG	8.35370823145884	0
CACAGATGTCCAAGAG	7.45587340231284	2
CACAGATGTTAGAAGT	11.0395880270357	0
CACAGATTCCATATGG	8.23567708333333	0
CACAGGCCACCCTCTA	9.34922089825848	0
CACAGGCGTATCACCA	9.55385308697612	0
CACAGGCGTCCGGACT	10.5204043429427	0
CACAGGCGTCTGTAAC	8.22255046774988	3
CACAGGCTCAAGAAAC	9.58785249457701	0
CACAGGCTCTGGCCAG	9.90742564506598	0
CACCAAACACGCGCAT	7.45199197477787	0
CACCAAACAGACTCTA	6.97247706422018	0
CACCGTTCAATTCTTC	10.2892561983471	0
CACCGTTGTACCTTCC	8.13603099440379	0
CACCGTTGTATCGGTT	7.83164624400639	0
CACGAATCACTCCGAG	9.08733280881196	0
CACGAATGTTCGCGTG	4.97025522932259	0
CACGGGTAGGTAGTAT	9.97174000807428	0
CACGGGTTCGTTCTCG	8.33333333333333	0
CACGTGGGTTCCTTGC	7.83744557329463	0
CACGTGGTCTATCGTT	9.69590127809608	0
CACGTTCAGCATCCCG	13.9159476760367	0
CACTAAGAGTATGATG	9.32531155994843	0
CACTAAGTCAGCAATC	13.7370242214533	0
CACTGAAAGGATGAGA	6.62923774562729	1
CACTGGGAGTGAGGCT	7.28862973760933	0
CACTGGGGTAGATGTA	7.1124855044453	1
CACTGGGGTGGCTGCT	8.6218836565097	0
CACTGGGTCAGCTTGA	7.29544538492543	0
CACTTCGAGAGGGTAA	9.33159722222222	0
CAGAGCCGTTCAATCG	6.83970536653806	0
CAGATACCAGAGATGC	6.91601976005646	0
CAGATACCAGAGATTA	13.2504440497336	0
CAGATACCATCTTAGG	6.51793525809274	3
CAGCAATAGTACTCGT	5.38789930811129	1
CAGCAATGTCACTCAA	8.8808337109198	0
CAGCAATGTTTGGAAA	8.97934137860503	1
CAGCAATTCACTTGTT	9.91130820399113	0
CAGCAATTCTAGCATG	6.84259691732835	0
CAGCACGGTACGACAG	5.65601631543168	1
CAGCAGCCAGCACACC	6.01427115188583	0
CAGCGTGGTACAGTTC	7.89980732177264	0
CAGGCCATCTACGGTA	8.87021475256769	0
CAGGGCTAGACCTCCG	6.52614511552493	0
CAGGGCTCAAAGCAAT	7.7523199474419	2
CAGGGCTGTGATTCTG	7.26905603230692	0
CAGGTATAGGCTAGCA	9.45273631840796	0
CAGGTATAGTCATGCT	5.35714285714286	1
CAGTGCGGTGAGCGAT	7.22062119756644	1
CAGTTCCAGAAACCAT	7.22986247544204	0
CAGTTCCCACATACGT	5.68	0
CAGTTCCTCGCTGACG	9.36263736263736	0
CATAAGCAGGATGAGA	8.79930645860425	0
CATAAGCCAATTTCTC	9.79716800612323	0
CATAAGCGTAGTTACC	8.83804396590399	0
CATACAGGTCGTACAT	6.26529613313754	0
CATACTTAGGCTCTAT	11.0735418427726	0
CATACTTCATCACCAA	7.6683534449202	0
CATAGACAGATAGGGA	9.41619585687382	0
CATAGACAGCACCCAC	5.15315315315315	0
CATCAAGAGGCCTTGC	9.52768729641694	0
CATCCACTCAAGCGTT	8.97477890599411	0
CATCCGTCATGCAGGA	7.71754143646409	1
CATCGCTAGGTATCTC	8.84237505339599	0
CATCGCTAGTGGAAAG	8.26732673267327	0
CATCGCTCAACAAGAT	7.14285714285714	0
CATCGCTCAAGGTACG	7.8264395782644	0
CATCGCTGTAGCTCGC	12.5511167033658	0
CATCGGGAGACAACTA	6.67951188182402	0
CATCGGGCAATCGAAA	9.43033102386451	0
CATCGGGGTATAGGGC	9.89560678555894	0
CATCGTCAGCATCCCG	6.43483023001095	0
CATCGTCGTCTTCAAG	7.7675380853865	1
CATCGTCGTTGCATGT	11.4968440036069	0
CATCGTCTCTAAACGC	6.5625	0
CATGAGTCACTGATTG	11.9098256061251	0
CATGAGTTCTCAGTCC	7.41444866920152	2
CATGCCTGTCACTCAA	9.2652913499819	0
CATGCCTTCGGTAGGA	7.35632183908046	0
CATGCGGGTCGTTGGC	11.0040567951318	0
CATGCGGTCGACCACG	8.27679782903664	0
CATGCGGTCTACTTCA	10.7533064979873	0
CATGCGGTCTGTCCGT	11.3009198423127	0
CATGCTCGTCTTTATC	8.84	0
CATGGATAGAAGTATC	10.4269293924466	0
CATGGATAGTCAACAA	5.91112056134382	2
CATGGATTCGTGGACC	8.93570650199782	0
CATGGTAAGAGATCGC	9.2485549132948	0
CATGGTAAGCTAGTTC	8.34202294056309	0
CATGGTAAGGCACCAA	7.41216795201371	0
CATGGTAAGGTCATCT	8.75432525951557	0
CATGGTACACGGTAGA	8.97072710103872	1
CATGGTATCGGACCAC	9.71262277191706	0
CATTCATCAAGTCATC	10.8841010401189	0
CATTCATTCGGTCGGT	11.0895696006204	3
CATTCCGAGAAATGGG	10.4283859800952	0
CATTCCGTCATTCGGA	10.2383531960997	0
CATTCTAAGCAGCCCT	9.62904498816101	0
CATTGAGAGAACAAGG	10.8515815085158	0
CATTGTTAGCACCAGA	5.60794044665012	0
CATTGTTAGGGAGTTC	9.52582557154953	0
CATTGTTCACCTCGTT	8.74897792313982	0
CATTGTTGTGACAGGT	8.06514152772392	0
CATTGTTTCTAGGCAT	8.03827751196172	0
CATTTCAAGTCGAATA	10.589651022864	0
CATTTCATCTACGCAA	8.33121666243332	0
CCAAGCGCAAATCGTC	8.68576625738972	0
CCAAGCGCATAATGAG	5.03746877601998	0
CCAAGCGCATACCAGT	9.84567901234568	0
CCAATGAAGGGAGGAC	7.03491401771756	0
CCAATGATCATTACGG	6.71673819742489	0
CCAATGATCGCAGATT	8.54845535336437	0
CCAATTTAGCAGTAAT	9.38239159001314	0
CCAATTTCACTCCTGT	6.6190376129439	0
CCAATTTGTCGTATTG	10.1145792177005	0
CCAATTTTCCTTCTTC	8.09841107124551	0
CCACAAAAGACCTGGA	8.27092152393357	0
CCACAAACACTTGGGC	9.93330993330993	0
CCACAAAGTGAATAAC	10.2190812720848	1
CCACAAATCAGATTGC	6.98058653448988	0
CCACACTCACAAACGG	7.47412801839785	0
CCACGAGAGCTACAAA	9.29906542056075	0
CCACGTTCATATCTGG	7.08010335917313	0
CCACGTTCATCGCTCT	5.03778337531486	0
CCACTTGCAAGCCATT	9.46042310434989	0
CCATAAGTCCACATAG	6.88535238713868	0
CCATCACAGGTCATTC	10.4827259820161	1
CCATCACCAATTCTTC	8.33333333333333	0
CCCAACTGTGAGACCA	6.61462612982744	2
CCCAACTTCTGCGAGC	7.7867280398926	0
CCCATTGCATCATCCC	8.24561403508772	0
CCCATTGGTCACTAGT	10.0831600831601	0
CCCGAAGAGTAGGGTC	9.63480963480963	0
CCCGAAGGTACTGCCG	9.83730609156262	0
CCCGGAATCGGCGATC	10.2382725241996	0
CCCTAACAGAAACCCG	6.85672155320718	2
CCCTAACCAAATGCGG	6.84394071490846	0
CCCTCAACACCCTTGT	9.20158550396376	0
CCCTCAAGTAGGAGTC	6.8824531516184	0
CCCTCTCAGCCTGTGC	7.23897911832947	0
CCCTCTCCATTGCAAC	9.52994204764971	0
CCCTCTCTCCATAGGT	8.93004115226337	0
CCCTTAGTCAAACGAA	6.55198583354414	1
CCCTTAGTCCGTGCGA	6.71785028790787	0
CCGAACGCACCATAAC	7.03657780533168	0
CCGATCTTCAACGTGT	6.85061845861085	0
CCGATGGGTTAACAGA	9.3423019431988	0
CCGCAAGCAGTCGCAC	11.0999497739829	0
CCGCAAGCAGTGTACT	11.9314641744548	0
CCGCAAGCATCACCAA	9.66108297623685	0
CCGCAAGGTATCTCGA	9.01778154106689	0
CCGCAAGTCGTGAGAG	9.52380952380952	0
CCGGACACACCTCGTT	9.52059419311276	0
CCGGACAGTCACCCTT	6.37767812655705	0
CCGGACATCTCGCCTA	8.9811542991755	0
CCGGGTAAGCATAGGC	5.82380347310462	1
CCGGTAGAGGGCAATC	9.5703125	0
CCGGTAGCAGTGTGGA	7.84632034632035	0
CCGGTGACAATCGCGC	5.18664047151277	0
CCGGTGAGTTTGGGAG	10.9653916211293	0
CCGGTGATCGCCAGTG	8.53046594982079	0
CCGTAGGTCCCAAGTA	8.77954655089243	0
CCGTAGGTCCTGGGAC	8.70944132715296	0
CCGTAGGTCTACGGGC	9.30693069306931	0
CCGTGAGCACTGCACG	12.7519719544259	0
CCGTGAGCAGCTACTA	8.34348355663825	0
CCGTGAGTCAAGTCTG	9.02215018908698	0
CCGTTCAGTTCGAACT	12.8871300757054	2
CCGTTCATCGTTCATT	6.80073126142596	0
CCTAACCCAAGAGTAT	10.3819784524976	0
CCTAACCTCGCTTAAG	7.84774436090226	0
CCTAAGATCGCCGATG	6.20915032679739	0
CCTACGTTCATTGGTG	6.8999669858039	0
CCTATCGAGTACTGTC	6.53886554621849	0
CCTATCGTCCGTCACT	7.36791080950073	0
CCTCAACAGTGCCGAA	6.76652892561983	0
CCTCACACAAGTGGGT	9.27620632279534	0
CCTCAGTCATGAGTAA	7.81928757602085	0
CCTCATGTCCCGAGAC	10.3903727619607	0
CCTCCAAAGAGCACTG	7.26360274696249	0
CCTCCAAAGAGTGTGC	8.47950181629476	1
CCTCCAAAGCAGCCCT	4.8811544991511	0
CCTCCAAAGTTGGAGC	11.9775201966983	0
CCTCCAAGTTTACTGG	8.49094567404427	0
CCTCCAATCCATCTCG	7.37119217751034	0
CCTCCTCAGACGGTCA	7.39856801909308	0
CCTCCTCTCTGAGGTT	8.6578449905482	0
CCTCCTCTCTTTCGAT	8.04484009231784	0
CCTCTAGAGTCAACAA	6.9061876247505	0
CCTCTAGTCATGCTAG	6.96534427724578	1
CCTCTCCGTGACTAAA	11.7624298703811	0
CCTCTCCTCCACAAGT	4.8566610455312	0
CCTGCATAGCGTTCCG	10.9823062843197	0
CCTGCATAGGAGGGTG	11.2895132965379	0
CCTGCATAGGGACAGG	8.68317186939361	0
CCTGCATGTATGGAGC	5.47368421052632	0
CCTGTTGCAGCTTTCC	6.93263570961413	3
CCTTCAGAGAATGTTG	5.33333333333333	0
CCTTCAGAGAGGTTAT	7.32899022801303	0
CCTTCAGAGGTGCGAT	8.99732345068973	2
CCTTCAGTCTGTGTGA	8.09284818067754	0
CCTTGTGTCAATGCAC	6.62544169611307	1
CCTTTGGGTACGTAGG	11.1374407582938	0
CCTTTGGTCGCCAACG	13.0450070323488	0
CGAAGGACATACCACA	9.2303402119353	0
CGAAGGACATTCATCT	10.2573140641523	0
CGAAGTTAGAAGAGCA	8.40170659665244	0
CGAAGTTCATCAGCGC	8.0154781647319	0
CGAAGTTTCGCAGTGC	7.66932270916335	0
CGAATTGCATTACTCT	8.59511343804538	0
CGACAGCAGCTCGCAC	5.30590146183	0
CGACAGCCAACTGAAA	6.94282380396733	0
CGACAGCCACCGTGCA	10.9289617486339	0
CGAGAAGAGGGTGAGG	6.33096531550355	0
CGAGAAGGTTCAGTAC	6.64128595600677	0
CGAGAAGTCGGAATGG	11.0163204747774	0
CGAGGAACAGACCTAT	7.48862225899876	0
CGAGGAATCCCTCTTT	9.02654867256637	0
CGAGGAATCTCCTACG	5.91311343523733	0
CGAGGCTAGATCACCT	7.3928157589803	0
CGAGGCTCAGCTCTGG	8.18336162988115	0
CGAGTTAAGACGGTCA	9.66623320329432	0
CGAGTTACAACCGACC	8.54888206926787	0
CGAGTTACAATTGCAC	5.85173218452702	1
CGAGTTACAGTCAGCC	9.63673057517659	0
CGAGTTACAGTTTGGT	11.214953271028	0
CGATCGGAGGTGGGTT	10.171102661597	0
CGATCGGTCTCCTGAC	8.25147347740668	0
CGATGCGCACCGTGGT	9.03381642512077	0
CGATGCGGTAGCTTTG	8.17843866171004	0
CGATGCGGTTCCACAA	10.7636603028308	0
CGATGGCCAGCACAAG	11.8093503339405	0
CGATGGCTCCTTGAAG	8.85873902633679	0
CGCAGGTAGCTGTGCC	6.5279091769158	0
CGCATAACACAGACGA	7.76699029126214	0
CGCATAACACTGGCGT	9.37759336099585	0
CGCATAACAGCACACC	5.93882199804751	1
CGCATAATCGGCTTCT	9.22685332484887	0
CGCATGGCAAAGGCAC	8.64844627480344	0
CGCATGGGTGAGGATC	11.2350153331475	0
CGCATGGTCTCATGCC	9.50072709646146	0
CGCATGGTCTCGGTCT	9.70149253731343	0
CGCCATTAGACGACGT	10.9803921568627	0
CGCCATTCAGGCAATG	7.74543660582141	0
CGCCATTGTCTTTCAT	10.1201201201201	0
CGCGTGACAGCGGATA	7.69379097570382	1
CGCGTGACATTGAAGA	6.64446558832858	1
CGCGTGAGTAGATTGA	9.81330780277645	0
CGGAACCAGAAAGCGA	11.525086934923	0
CGGAACCGTAGCACGA	6.59090909090909	0
CGGAACCTCTCGACGG	8.71196331804919	0
CGGAATTTCTGCGTCT	5.5363321799308	1
CGGACACTCGGCACTG	8.4927828130245	0
CGGACACTCTCACTCG	8.96142433234421	0
CGGACACTCTTAGCCC	13.0536130536131	0
CGGAGAATCAGACTGT	6.84190181677619	0
CGGAGAATCCATGAGT	11.606334841629	0
CGGCAGTAGACACACG	10.8259587020649	0
CGGCAGTCAGGGACTA	11.2014224028448	0
CGGGCATGTATCACCA	8.4520725388601	0
CGGGCATGTGTGACCC	7.61560942066357	2
CGGGCATTCTACGCAA	10.4769669792091	0
CGGGTCAAGCGGTATG	7.73420479302832	2
CGGGTCAAGGGCATGT	10.8396268325189	0
CGGGTCATCCACATAG	6.89341026419678	0
CGGGTGTCATGAGAAT	7.81938325991189	0
CGGTCAGTCAACTGAC	7.34020618556701	0
CGTAAGTAGCCATTGT	8.2480433473811	0
CGTAATGAGTTGGCTT	9.73137354282818	0
CGTAATGGTTATAGAG	8.13704496788009	0
CGTAGTATCATCTACT	8.44969566774078	0
CGTCAAAAGAGTCAAT	8.56282271944923	0
CGTCAAACAGAGTCAG	10.3384841795438	0
CGTCAAAGTAATGCGG	6.56108597285068	0
CGTCAAATCATTCGGA	11.2803772216177	0
CGTCAAATCGTTAGTG	9.12568306010929	0
CGTCAAATCTAAGGAA	8.70837907061837	0
CGTGAATAGCGTGAGT	10.9437963944857	0
CGTGAATTCATGAGAA	9.81818181818182	0
CGTGATACAATTGCCA	11.0365853658537	0
CGTGATACACGCGCAT	12.6731866340668	0
CGTGCTTAGAGGCCAT	7.73240660295395	1
CGTGCTTCAAGTGGTG	10.1975440469834	0
CGTGCTTCACCAACAT	14.4638403990025	0
CGTGCTTGTCGGTACC	6.59804697809448	2
CGTGCTTTCCCTCAAC	12.2986036519871	0
CGTGCTTTCGTCAAAC	8.68794326241135	0
CGTTAGACAGCAGTAG	14.0493287542928	0
CGTTCTGAGCGACAGT	9.29446556822983	0
CGTTCTGAGGGCTAAC	7.02891326021934	0
CGTTCTGCAAGGATGC	12.2812599427299	3
CGTTCTGTCCGAGCTG	10.4416295789113	0
CGTTGGGAGTTGCGCC	8.29040961491293	0
CTAACCCTCTACTGAG	10.9830097087379	0
CTAACTTCAGAACGCA	11.6942014901199	0
CTAAGTGAGGGTTTCT	10.2927289896128	0
CTACAGAAGTTGCGCC	11.5336397826995	0
CTACAGAGTGACATCT	8.31749049429658	0
CTACATTAGTATGGCG	8.44881537773804	0
CTACATTCATCTCGTC	6.88897763578275	1
CTACCCAAGCTTGTGT	8.34544925850538	1
CTACCCAAGTCTCCTC	8.64768683274021	0
CTACGGGCAGTGTACT	7.64360018091361	0
CTACGGGGTGTGTGTT	11.0178384050367	0
CTACGGGTCTGCCTGT	8.34682761666421	0
CTACTATCAGTCCGTG	7.70252324037185	0
CTACTATTCGCCAATA	8.33088882370197	0
CTAGACAAGAAGCGGG	13.6563876651982	0
CTAGACAAGACAGCGT	7.15604801477378	0
CTAGACAGTGTGTCGC	12.1667474551624	3
CTAGACATCGAACCTA	6.84931506849315	0
CTATAGGAGTGCCGAA	7.79761904761905	0
CTATAGGCATCTGCGG	9.52380952380952	0
CTATAGGGTCCATACA	9.62627406568516	0
CTATCCGAGGTGCCAA	9.25155925155925	0
CTATCCGAGTGCCAGA	14.2645971914265	0
CTATCTACACCGTACG	7.65595463137996	0
CTATCTAGTACCAATC	7.50323415265201	0
CTATCTATCCAGGACC	5.76707726763718	0
CTCAACCAGTCGCGAA	7.08333333333333	0
CTCAACCGTCGGAACA	11.1776447105788	0
CTCAACCGTGTGCTTA	9.3386507145231	0
CTCAAGACATTATGCG	7.24863600935308	0
CTCAATTGTGTGAGCA	5.56422256890276	0
CTCACTGCAAGTTCCA	9.56072351421188	0
CTCACTGCACATGAAA	8.32238282961016	0
CTCACTGGTGGATGAC	10.0716204118174	0
CTCAGAACAGAGGACT	8.02778849864917	0
CTCAGAAGTTGCCGCA	8.41836734693877	0
CTCAGAAGTTGGACTT	6.69056152927121	0
CTCAGAATCGTGTGAT	9.46069469835466	0
CTCATCGAGCGGGTTA	12.1561969439728	0
CTCATCGCAGTGACCC	8.67302688638335	0
CTCATCGGTTCGTGCG	11.5243154883531	0
CTCATCGTCCTAACAG	10.23598820059	0
CTCATGCAGCGTCTCG	8.04538421866942	0
CTCATGCCACGTAGAG	8.68910095429433	0
CTCATGCGTGTACATC	9.07817315774727	0
CTCATTAAGCAACTCT	10.1659751037344	0
CTCATTACAGTAGAAT	8.05834528933525	0
CTCATTAGTACTAAGA	6.22390137204215	1
CTCCAACAGGCTCACC	6.3339494762785	1
CTCCAACCACACCGCA	9.62425840474621	0
CTCCAACCACAGAGAC	8.40950639853748	0
CTCCAACGTCCTTAAG	10.1657458563536	0
CTCCAACGTGAGGCAT	6.06060606060606	0
CTCCCAAAGCACCAGA	10.7708189951824	0
CTCCCAAGTCACTAGT	5.12422360248447	0
CTCCCAATCATTACTC	9.64105606644912	0
CTCCCAATCGCCAACG	8.75984251968504	0
CTCCCTCAGGAGCAAA	6.73705379587733	0
CTCCCTCAGGTCACTT	8.70040043684019	0
CTCCCTCCAGCCCACA	9.60207612456747	0
CTCCCTCTCCCGTTGT	10.1430429128739	0
CTCCTCCTCCGGACTG	7.90467887242081	0
CTCCTTTCAGGTGGAT	9.02311707680835	0
CTCTCAGGTGCCTACG	9.58453311394488	0
CTCTCGACAGACATCT	9.46090681899322	0
CTCTCGACAGAGATGC	7.32743362831858	0
CTCTCGACATCCAACA	8.80398671096346	0
CTCTCGACATTGCTTT	5.29124055135616	2
CTCTCGAGTGAACCGA	9.83582949308756	2
CTCTCGATCCTCACGT	9.12765957446809	0
CTCTGGTCAGAGTCTT	8.86925795053003	0
CTCTGGTCATGAGGGT	6.48811769143719	2
CTCTGGTGTGCGTGCT	12.0313565098841	0
CTCTGGTTCTGATGGT	9.21866216975829	0
CTGAATGGTATCGTGT	7.67077267637178	0
CTGAATGTCTGAACGT	11.1780455153949	0
CTGAGCGGTCAGACGA	13.3946830265849	0
CTGAGGCCAACTGCCG	8.2602676511306	0
CTGAGGCGTTGCATAC	6.03649976602714	0
CTGCAGGCAGAGGAAA	10.4656745079213	0
CTGCAGGTCGCAATGT	8.91487029594446	0
CTGCATCAGACATGCG	10.6039649608114	0
CTGCCATAGACAGCGT	7.77310924369748	0
CTGCCATCATCGTCCT	7.35841256717652	0
CTGCCATGTGTAACGG	10.2585145670907	0
CTGCCTACATGTTCAG	8.99913469858667	0
CTGCCTATCCTGCCAT	8.05491990846682	0
CTGCGAGAGAAGATCT	7.47688243064729	2
CTGCTCAAGTGATAGT	8.02941176470588	2
CTGCTCAGTACCTAGT	6.81011535048802	0
CTGCTCAGTGATACCT	8.60215053763441	0
CTGGACGCAAGCGATG	8.75390799464046	0
CTGGACGTCATTGTGG	10.0925147182506	0
CTGGCAGCAGCGGTCT	6.7191453472027	0
CTGGCAGTCTGGGAGA	8.6318261890781	0
CTGGTCTAGTGCAGCA	8.36567485985339	0
CTGGTCTCACTGTTCC	9.47063688999173	0
CTGGTCTTCCCTATTA	6.10350981558596	2
CTGTACCAGGTGCCAA	9.05900416758061	0
CTGTAGAGTCGAACAG	8.11192099694333	0
CTGTCGTCATCGTGGC	10.5673451710697	0
CTGTCGTTCATATGGC	11.5367282559712	0
CTGTGAAAGGTTGTTC	10.0195694716243	0
CTGTGAACAGGCGATA	5.03543453935099	0
CTGTGGGAGCGGTAAC	7.93964877566164	0
CTGTGGGCAGTCTTCC	12.2119023047816	0
CTGTGGGTCCATGCAA	8.69461648404002	2
CTGTGGGTCCTAGCTC	11.038678835289	0
CTTACCGAGGCATCGA	9.34101087651951	0
CTTACCGCATTCTGTT	6.60707345511076	0
CTTACCGGTAGCGTTT	11.190053285968	0
CTTAGGAAGATCCAAA	7.97505012252172	0
CTTCAATAGATAACAC	10.6364922206506	0
CTTCCGAGTCACGACC	12.3138602520046	0
CTTCCTTCACGTCATA	6.56312625250501	0
CTTCGGTCACACGCCA	5.86053412462908	0
CTTCTAAAGCATCCCG	5.29686688592695	1
CTTCTAACATGATAGA	10.7539682539683	0
CTTCTCTCAACGAGGT	9.30971843778383	0
CTTCTCTCAATCGCAT	6.85224839400428	0
CTTCTCTGTACCGTCG	12.2888759464182	0
CTTGAGACATCAGTCA	6.81818181818182	0
CTTGATTAGATAGCAT	11.089164785553	0
CTTGATTCATTACTCT	10.1387604070305	1
CTTTCAACATAAGCGG	10.4333333333333	0
CTTTCAAGTCTCGGGT	7.17251793129483	0
CTTTCGGAGCAACAAT	8.72162485065711	0
CTTTCGGAGTAGGAAG	5.99769319492503	0
CTTTCGGCATACCATG	8.95328719723183	0
GAAACCTCAGATCACT	6.78952473326867	0
GAAACCTGTTGGTAGG	7.11159737417943	0
GAAACCTTCATGTCTT	10.3155339805825	3
GAAACCTTCCATTGTT	8.73434410019776	0
GAAATGAAGATAGCTA	8.74162848078957	0
GAAATGACACCAAATC	10.4863221884498	0
GAACACTGTACGATCT	12.5689404934688	0
GAACGTTGTCAACCTA	6.81771369721936	2
GAACGTTTCCTTCTAA	8.32049306625578	0
GAACTGTCACTACGGC	8.48774656306037	0
GAACTGTGTATGCTAC	11.8551042810099	0
GAACTGTGTTGCTTGA	9.02285263987392	0
GAAGAATAGACGAGCT	8.63930885529158	0
GAAGAATCAGATCACT	7.83308931185944	0
GAAGAATTCCACGTGG	10.3189493433396	0
GAAGCCCCATATCTCT	8.34431269213878	0
GAAGCCCCATGTTCAG	8.86548913043478	0
GAAGCCCGTGATGAAT	9.14883932635412	0
GAAGCCCTCGAGTCCG	8.82007056056448	0
GAAGCGAGTGACAGCA	11.4773396115362	0
GAAGGGTCAACCTAAC	11.7703579149652	0
GAAGGGTCAGACCTAT	11.7684078036501	0
GAAGGGTGTGTTCGAT	7.85229202037351	0
GAAGTAACAAACCACT	7.49514563106796	0
GAAGTAACACCTGAAT	6.76567656765677	1
GAAGTAACACCTGCGA	12.5415533393775	0
GAAGTAAGTTGTGCAT	10.3152977812378	0
GAAGTAATCTCTCTAA	9.26998841251448	0
GAAGTAATCTGACAGT	9.7881665449233	0
GAATAGACAGCGTGAA	9.29626411815812	0
GAATCACAGTTACGAA	5.81586518701192	1
GAATCACCAATCCTTT	10.6897942718838	0
GAATCACTCCGAAGGA	6.65346534653465	0
GAATCGTCAAGTCCCG	6.22146118721461	0
GAATCGTTCATCTATC	7.08215297450425	0
GACACGCGTTCTTCAT	7.89087709005574	2
GACAGCCGTCATGACT	9.12762520193861	0
GACAGCCTCGGCTTGG	11.9402985074627	0
GACATCAAGGCACGAT	8.6094442995043	0
GACATCATCTGTCGTC	6.98640483383686	0
GACCAATCACCCTGTT	10.5207969241524	0
GACCAATTCACTGGTA	5.85106382978723	0
GACCAATTCGTCTAAG	7.59592795614722	0
GACCAATTCTGCTCTG	8.03489439853076	0
GACCCAGAGAATCGCG	13.1904069767442	0
GACCCAGAGCGAACTG	9.15811088295688	0
GACCCAGCAAGAGCTG	8.15141662796099	0
GACCCTTTCTATCGTT	13.1066241586964	0
GACCGTGTCATCGCTC	9.43298969072165	0
GACCTTCTCTTCGTAT	14.4186046511628	0
GACGCTGAGTCCGCGT	8.10587262200166	0
GACGCTGTCTGTACAG	8.21517931609675	0
GACTATGCACATAACC	4.24710424710425	0
GACTATGTCCCTAGGG	9.09090909090909	0
GACTCAATCACCACAA	8.01393728222996	0
GACTCTCCAGCTCTGG	6.19390907753421	1
GACTTCCAGCACTAGG	8.24607329842932	0
GACTTCCCATTGTACG	9.98330550918197	0
GAGAAATTCCCTCAAC	13.6075949367089	0
GAGACTTCATGTGCCG	8.94698085419735	0
GAGACTTGTGAGCAGT	8.40200117716304	0
GAGACTTTCCGATTAG	6.12866387514275	0
GAGAGGTAGAGTTGTA	9.54337899543379	0
GAGAGGTAGCATTTGC	10.8853137642299	0
GAGATGGCAGCGGATA	9.185329438494	0
GAGCCTGAGAATTGTG	5.77828274630742	1
GAGCCTGTCCTTATCA	6.1872025383395	0
GAGCCTGTCGGCCTTT	10.1949860724234	0
GAGCTGCAGCCTTCTC	4.6242774566474	2
GAGCTGCGTTGATGTC	7.64705882352941	0
GAGGCAAAGAAGCGCT	11.2294718153573	0
GAGGCAACATACTGTG	7.6213158678178	0
GAGGCCTAGACGCAGT	11.1761835041484	0
GAGGCCTGTTCACCGG	10.4294478527607	0
GAGGGTATCAACACGT	7.58437618505878	0
GAGTCATAGTCTCCTC	5.48596112311015	2
GAGTCATCAATACAGA	7.82608695652174	2
GAGTCATCACGTCATA	9.98727735368957	0
GAGTGTTTCGGAAACG	7.28511530398323	2
GAGTTACGTAGAGTTA	9.408	0
GAGTTACGTTCCGGTG	10.1444170482564	0
GAGTTGTAGGAGAATG	13.6222910216718	0
GAGTTGTTCGCCGTGA	8.60160965794769	0
GAGTTGTTCTAACGGT	9.31098696461825	0
GATAGAAAGCGTCTCG	9.36246098974588	0
GATAGAACACGACAAG	7.14733542319749	0
GATAGAAGTTGTGGCC	8.47457627118644	0
GATAGAATCCCGAGTG	11.136023916293	0
GATAGCTCAAACGTGG	12.3489055864097	0
GATAGCTCATTGCTGA	11.6878123798539	0
GATAGCTGTAGATCGG	9.09661886318434	0
GATAGCTGTGTCATTG	6.80070963926671	0
GATCACAAGTCGCCCA	8.31758034026465	0
GATCACAGTCTCAGGC	8.18141396176078	0
GATCACAGTGATACCT	6.26902008520998	0
GATCACATCACGGAGA	9.65058236272879	0
GATCAGTGTTCGTGCG	6.28794449262793	0
GATCATGAGCAGTACG	7.50670241286863	0
GATCATGCAAAGGCAC	7.35355213959285	2
GATCATGTCGTACCTC	8.64414216761738	0
GATGACTCATCGAACT	8.07377049180328	0
GATGACTGTCGCTTGG	7.65467625899281	0
GATGACTGTTATTCCT	11.0238598610692	0
GATGACTGTTGTCTAG	7.83993466721111	0
GATGATCCATGACGGA	7.07998469192499	0
GATGCTAGTGGTAATA	9.68634686346864	0
GATGGAGTCGGTCACG	8.71873929427886	0
GATGTTGGTGGCCCAT	6.70985654789449	0
GATGTTGGTTCGCGTG	7.61319304882374	1
GATTCGACACAAGTTC	8.27586206896552	0
GATTCTTAGTGGAAAG	7.55362848014605	0
GATTCTTGTAGGGAGG	10.9476417135439	0
GATTGGTAGGAAAGGT	8.76132930513595	0
GATTGGTAGGATCACG	11.2945590994371	0
GATTGGTAGTTACGTC	7.94896957801766	0
GATTTCTAGGCCCACT	6.77671589921807	0
GATTTCTCAAATTGCC	7.38150738150738	0
GATTTCTCACATAGCT	8.91058895331095	0
GCAACATAGCAGGCAT	9.00918506937659	0
GCAACATTCCCGTGAG	7.29709605361132	0
GCAACCGAGCCTTTCC	5.68758344459279	1
GCAACCGAGGAACATT	10.935085007728	0
GCAACCGGTGTCCACG	6.26160337552743	0
GCACATACAAGGATGC	10.1750547045952	0
GCACATAGTGATACAA	10.3555402140145	0
GCACATAGTTTCTATC	6.85022026431718	0
GCACGGTAGACGCTCC	11.0247349823322	0
GCACGGTCATTCAGCA	10.965954077593	0
GCACGTGGTCGTCGGT	10.5954825462012	0
GCACGTGGTCTCCTGT	7.74836977368623	0
GCACGTGTCCTTATAC	10.6628242074928	0
GCACTAATCTTCGCTG	7.26527570789866	0
GCAGCCAAGATGAACT	7.0658237262923	0
GCAGCCAAGCTTGTGT	8.89603429796356	1
GCAGCCACACGACAGA	8.94274968658588	0
GCAGCCAGTGCGAGTA	8.71117458050696	0
GCAGCTGAGTCATACC	7.06172839506173	0
GCAGCTGCATTCAGCA	9.94974874371859	0
GCAGCTGTCCCTTGGT	8.47826086956522	0
GCAGGCTAGAACAGGA	8.69565217391304	0
GCAGGCTAGAGCACTG	7.95412504624491	0
GCAGGCTCATTGTCGA	6.05524079320113	0
GCAGTTAGTACGCTTA	12.6155082362395	0
GCAGTTATCATCACAG	8.85093167701863	0
GCATCGGAGAAGCGAA	8.10688405797101	0
GCATGATGTACTCCCT	7.41241715135939	1
GCATGATGTGGCTAGA	10.3825136612022	0
GCATTAGCAGTCTTCC	10.3963612735543	0
GCATTAGGTGATTCTG	7.34214390602056	0
GCCAACGCACTGAGGA	7.98598949211909	0
GCCAACGGTTGCAACT	8.33179723502304	0
GCCAGCAAGAGCGACT	13.6437642461739	0
GCCAGCAGTCCAGCAC	10.7607950651131	0
GCCAGCAGTGATAGTA	10.008481764207	0
GCCAGGTAGACGCCAA	9.70632155301145	0
GCCAGTGAGCTTCATG	9.67993754879001	0
GCCAGTGCAGAGACTG	10.5025996533795	0
GCCAGTGGTTGACTGT	10.418648905804	0
GCCAGTGTCCACAAGT	11.1299195937368	0
GCCATGGGTAAGATAC	6.21244893054554	1
GCCATGGGTGGGTATG	11.1540111540112	0
GCCATTCAGAGCACTG	7.37793851717902	0
GCCCAGAAGGGTAATT	8.34217037822552	0
GCCCAGATCCTGTACC	8.56538597109623	0
GCCGATGCAAATAGCA	8.57354028085735	0
GCCGATGGTTGCCTAA	8.90648193963385	0
GCCGTGAAGTTCTACG	7.98226164079823	0
GCCGTGACAATTGCTG	11.8377785896967	0
GCCGTGACATCACGGC	8.0659945004583	0
GCCGTGATCACTTGTT	14.181577203446	0
GCCGTGATCATGACAC	9.90153172866521	0
GCCTGTTAGTAGAGTT	8.37746750120366	0
GCCTGTTCATGGCTGC	8.4037558685446	2
GCCTGTTGTAACATCC	8.6565752128666	1
GCGAGAAGTCGCACAC	9.60334029227557	0
GCGAGAATCGACATTG	7.07243891984569	0
GCGATCGAGGAGTCTG	9.12767186597343	0
GCGGAAACACCAGTTA	9.03868249712754	0
GCGGAAACACGCTATA	6.59355723098012	1
GCGGAAAGTTGGGACA	9.39621293319042	0
GCGGATCTCACCCTTG	5.01806503412284	0
GCGGATCTCTTGGCTC	7.35785953177258	0
GCGTGCACACCTGAAT	9.42277691107644	1
GCGTGCATCGGTCACG	8.73362445414847	0
GCGTTTCAGAAGGATG	10.4831751509922	0
GCGTTTCAGACCCTTA	13.4671532846715	1
GCGTTTCAGTCATAGA	6.81028492008339	1
GCGTTTCGTTTCGACA	9.18163672654691	0
GCTACAAGTTGCCGCA	9.87654320987654	0
GCTACAATCTCTCAAT	6.52631578947368	0
GCTACCTTCCTACGAA	8.71404399323181	0
GCTCAAAAGTCTTCGA	6.27492688114863	2
GCTCAAACACAACGTT	10.9191612818146	4
GCTCAAACATCGTGGC	10.7069036792063	0
GCTCAAAGTATGGTAA	10.5494505494505	0
GCTGAATGTCACTGAT	5.91506572295248	0
GCTGAATTCAGAGCGA	9.80691056910569	0
GCTGAATTCTGTGTGA	10.427807486631	0
GCTGCAGCAATTGGTC	6.87802256851155	0
GCTGCAGTCGAGAAAT	12.5190839694656	0
GCTGGGTAGATGGTAT	10.1014370245139	0
GCTGGGTCATTCGATG	12.5053350405463	0
GCTGGGTTCGATCCCT	8.60272508682875	0
GCTGGGTTCTCATTGT	8.21917808219178	0
GCTTCACAGTTCATCG	7.89814415192059	0
GCTTCACCAGGTCAAG	10.5944673337257	1
GCTTCACGTGGTGATG	7.63202725724021	0
GCTTGGGAGCGAGGAG	7.39583333333333	0
GCTTGGGCAACGGCCT	10.3212749810271	0
GCTTGGGCAGTTACCA	9.38037865748709	0
GCTTGGGGTCTTCATT	6.32332471664347	0
GGAACCCGTGGTTTGT	8.37245696400626	0
GGAAGTGAGAACAAGG	7.93731041456016	0
GGAAGTGTCGTACACA	10.9575988565984	0
GGAATCTAGAGTCCGA	13.2874728457639	0
GGAATCTCAACAGCTT	6.14854894244958	0
GGAATCTGTTGCCTAA	7.01846965699208	0
GGAATGGCAGCCCAGT	8.83703136954858	0
GGAATGGTCCTATGGA	6.65024630541872	0
GGAATGGTCGGCTGAC	9.13930789707187	0
GGACGTCCAATGAGCG	9.99414405621706	0
GGACGTCTCAGGAAAT	9.07795644209241	1
GGAGAACCACGATAGG	8.01172447484123	0
GGAGATGAGGAAACGA	9.39194975735084	0
GGAGCAACATCGTGCG	7.2013093289689	2
GGAGCAATCGCCGTGA	10.5782792665726	0
GGAGGATAGACATAAC	4.6078431372549	0
GGAGGATCACCTGTCT	7.91024194559358	1
GGAGGTAGTTGCCAAT	6.38033763654419	2
GGAGGTATCTGCATAG	7.64518500367557	0
GGAGGTATCTTAGCAG	8.51797144263909	0
GGATCTACAGAATTCC	6.18854829381145	0
GGATCTATCATTTCCA	7.70533446232007	0
GGATGTTCACATATGC	8.89179470415168	0
GGATGTTGTTCCTTGC	7.95610425240055	0
GGCACGTAGTCTAACC	9.71574034789987	0
GGCACGTGTGTCACAT	8.62795977943562	0
GGCGTCAAGACGGTCA	8.37606837606837	0
GGCGTCAAGCCTGTGC	7.01978302488832	0
GGCGTCACATGTGCTA	6.82367149758454	1
GGCGTCATCATTATCC	4.80373318693385	1
GGCTGTGAGATTAGCA	10.6849315068493	0
GGCTGTGGTCTCAGAT	8.4899546338302	0
GGCTTGGAGTATCTGC	8.0957810718358	0
GGCTTGGCAGGCAATG	9.38648572236359	0
GGCTTGGCATCGCTCT	6.94477364304338	1
GGCTTGGGTCATCACA	7.78498609823911	0
GGCTTGGGTTATAGCC	6.28541309790486	0
GGCTTTCTCCGATAGT	6.29370629370629	0
GGGAAGTAGATGTTGA	9.19273850907686	0
GGGAAGTAGTCCTACA	9.76365749709415	0
GGGAAGTGTTGTCTAG	14.592094196804	0
GGGAAGTGTTTGTGGT	9.94227068633739	0
GGGACAAAGCACCCAC	7.24011956160744	0
GGGACAATCGGTGTAT	8.83552333484368	0
GGGACCTGTACGATTC	9.92844364937388	0
GGGACCTGTGGTTTAC	14.912559618442	0
GGGACTCTCCACTTTA	6.06968902210566	0
GGGACTCTCCTAACAG	10.1725469997425	0
GGGAGATAGTTAGTAG	11.4194236926361	0
GGGAGTACACAAAGTA	11.0436893203883	0
GGGAGTACACGTAACT	7.72258669165886	0
GGGATCCGTATGGTAA	10.0976828714221	1
GGGATGAAGTACCATC	9.74729241877256	1
GGGCCATGTGGGATTG	9.71805638872226	0
GGGCGTTGTCCGACGT	4.739336492891	0
GGGCGTTTCTGAGTCA	12.541993281075	0
GGGCTCACAGCACGAA	6.20833333333333	0
GGGCTCAGTCGTACAT	7.32860520094563	0
GGGTAGACAAGTACCT	14.4642382345121	1
GGGTAGAGTGACCGAA	10.2621722846442	0
GGGTAGATCATTCCTA	12.8716597666541	0
GGGTATTAGGGATCTG	11.3669064748201	0
GGGTCACCATCCGCGA	7.88614092393841	0
GGGTCACGTGCACGCT	10.9775901266645	0
GGGTCACTCATCTGTT	7.11261642675699	0
GGGTCTGAGGAAGTGA	7.35049833887043	0
GGGTCTGGTTGCATTG	8.22091062394604	0
GGGTGAACAGCAGGAT	8.79428216283406	0
GGGTGTCAGACTCCGC	10.6442577030812	0
GGGTGTCCAGTAGAGC	10.0046533271289	0
GGGTTATCAATGGCAG	8.95033416328135	0
GGGTTTACAGATCATC	7.88897005113221	0
GGGTTTACATATCGGT	10.9380793474231	0
GGGTTTAGTAACCCGC	7.77576853526221	0
GGGTTTATCTTCGTGC	11.1822947000582	0
GGTAACTAGCTTCTAG	9.29589449053393	0
GGTAACTCACTTCAGA	9.4908350305499	0
GGTAACTCATCGCTCT	8.78131156768928	0
GGTAATCGTGAACTAA	8	0
GGTAGAGCAGTGGTGA	12.058526740666	0
GGTCACGCATACAGCT	2.77227722772277	0
GGTGAAGTCCATCGTC	10.378562313909	0
GGTGATTCATGGGATG	9.25385577323885	0
GGTGATTTCCCTGTTG	9.0049527239982	0
GGTGGCTAGTTAACAG	6.34786288616166	0
GGTGGCTCACTCCACT	8.3495145631068	0
GGTGTTAAGCTTGTGT	8.84676145339652	0
GGTGTTAGTGACATCT	9.12863070539419	0
GGTTAACAGCCAAGGT	8.29694323144105	0
GGTTAACGTGCTTATG	9.51566951566952	0
GGTTAACTCCCTTGTG	9.07704042715484	0
GGTTCTCAGACTAAGT	8.20244328097731	0
GTAACACAGACCGCCT	7.45462402765774	1
GTAACACAGAGAATCT	8.20433436532508	0
GTAACCATCACCGCTT	6.29802242095982	1
GTAACCATCGGTGCAC	10.4726598702502	0
GTAACCATCTAGCATG	8.97891000208812	0
GTAATCGTCCTCGATC	8.13302601251235	0
GTAATGCAGCAGGCTA	10.6632544252506	0
GTACAGTGTGTCCACG	6.90454124189064	0
GTAGAAAAGTACTCGT	10.4477611940298	0
GTAGAAAGTGTCACAT	10.2825745682889	0
GTAGAGGAGTGATGGC	7.53188904636566	1
GTAGAGGCAGTCAGTT	8.92962743938498	0
GTAGAGGGTGACTCGC	12.0611096220852	0
GTAGATCGTAACGGTG	7.83566285472257	0
GTAGCTAGTTAGTTCG	6.94313909774436	0
GTAGCTATCGCATAGT	5.81151832460733	0
GTAGGTTCACTGAGTT	11.368909512761	0
GTAGTACAGTCGTCTA	8.25128926394749	0
GTAGTACCATGACACT	7.00211118930331	0
GTAGTACCATGGGATG	10.3637901861252	0
GTAGTACTCCATCTCG	8.97651006711409	0
GTATTTCGTGAGCCAA	7.71065182829889	0
GTATTTCGTTCGTTCC	8.97170462387854	0
GTATTTCTCACGGGAA	8.82575757575758	0
GTCAAACCAGACATCT	5.03688628847621	1
GTCAAGTAGGCTGGAT	8.84744141559063	0
GTCAAGTCAAATTGCC	3.57615894039735	1
GTCAAGTCAGCAGTGA	6.33245382585752	1
GTCAAGTCATCGCTGG	12.2032288698955	0
GTCAAGTGTGAACTAA	6.61738824357621	1
GTCACGGGTGGCCTCA	10.7831123983513	1
GTCACGGGTTCGGTTA	8.41584158415842	0
GTCACGGTCACGACTA	7.63956904995103	0
GTCAGCGTCATAGAGA	11.8058179070646	0
GTCATCCCACCGTCTT	10.1999550662772	0
GTCCACTGTAGCGCCT	8.78281622911694	0
GTCCCATCATCTCATT	12.0481927710843	0
GTCCCATGTGTTCAGT	6.65760869565217	0
GTCCTCAAGAATAGTC	11.0907982937233	0
GTCCTCAAGGTTACAA	8.16588285592133	0
GTCCTCAGTTACGGAG	8.62038193824737	1
GTCCTCATCTGAATCG	9.61298377028714	0
GTCGAATAGGGTCACA	11.6982654296087	1
GTCGAATGTAGATCCT	8.31826401446655	0
GTCGAATGTCTAACGT	10.2278010227801	0
GTCGAATTCATTACCT	6.52818991097923	0
GTCGCGACAACGCATT	8.0960130187144	1
GTCGTAAAGCAACTTC	8.54700854700855	0
GTCGTAACAATCTGCA	9.05598243688255	1
GTCGTTCAGCACAAAT	10.2803738317757	0
GTCGTTCCAGACCAGA	7.07517372078332	0
GTCTACCGTATGACAA	6.48148148148148	0
GTCTACCGTATGAGAT	9.19698009608785	1
GTCTAGAAGGGATCAC	12.5991493275089	1
GTCTAGAAGGGCAACT	7.94223826714801	0
GTCTAGAGTCTCTCAC	10.6446776611694	0
GTCTAGAGTCTGTGGC	10.6104651162791	0
GTCTAGATCTGCCTGT	8.83550488599349	0
GTCTCACCAGAACCGA	8.87731775463551	0
GTCTGTCAGTTTCAGC	8.1153804757292	0
GTCTGTCCATCCGCGA	10.6003244997296	0
GTCTTTAAGCGTGTCC	6.50861104898233	1
GTGACGCAGCATGATA	9.1692789968652	0
GTGACGCCAAAGCTAA	6.62878787878788	0
GTGACGCCAGTCGGAA	6.18556701030928	0
GTGACGCGTACGCTTA	7.64774044032445	0
GTGACGCGTAGAGTTA	7.59109311740891	0
GTGACGCTCTTCCCGA	8.50834679590738	0
GTGAGCCGTTTGGGTT	6.09700815956482	1
GTGAGGAAGGAGACCT	7.17547292889759	0
GTGAGTTAGCTTAAGA	9.029284164859	0
GTGAGTTAGGTCCAGA	9.74341192787795	0
GTGAGTTCAGAGCCCT	8.98417559979581	0
GTGAGTTGTACTCGCG	9.10518053375196	0
GTGATGTAGATCGGTG	4.59132189707366	0
GTGATGTCAAAGACGC	12.7808988764045	0
GTGATGTTCACTCTTA	12.1781773600327	0
GTGATGTTCTCCGATC	10.2052135330006	0
GTGCACGTCGCGAAGA	12.3292469352014	0
GTGCAGCCAAGCCATT	9.47476828012358	0
GTGCAGCGTAGTTACC	10.1386138613861	0
GTGCAGCTCCCTGGTT	5.29547198772064	1
GTGCGTGAGACAAGCC	7.52598752598753	0
GTGCGTGCACAGTCCG	11.1586147926464	0
GTGCGTGCACGATAGG	9.04850746268657	0
GTGCGTGGTAAGTAGT	7.25669718548661	4
GTGCGTGGTCGAACAG	11.7977528089888	0
GTGCGTGGTCGATTTG	7.93780687397709	0
GTGCGTGGTGTTCCTC	7.65418502202643	0
GTGCTGGGTGACACGA	9.75935828877005	0
GTGCTTCTCACGGAGA	9.66475385080036	3
GTGCTTCTCTATTCGT	6.98080279232112	0
GTGGAAGAGGAACGTC	12.0212765957447	0
GTGGAAGGTAACAGGC	9.56922065110161	0
GTGGAAGGTAAGCTCT	10.3140613847252	0
GTGGAGAGTAACACCT	10.3002502085071	0
GTGGCGTAGATTGAGT	9.05014268242968	0
GTGGCGTGTTATTCCT	14.7355548761847	0
GTGGCGTGTTCTCACC	13.409257898604	0
GTGGGAAGTGACTCGC	6.47085819183112	0
GTGGTTAGTCGGATTT	8.79164993978322	0
GTGGTTAGTTGTGGAG	9.28486764124852	0
GTGGTTATCCGTGCGA	14.4497607655502	0
GTGTAACGTGGGACAT	9.04022301871764	0
GTGTAACTCAGGAGAC	10.5340160936357	0
GTGTCCTCATCTCGTC	9.83606557377049	0
GTGTCCTGTGAATAAC	10.9773371104816	0
GTGTCCTGTGCACATT	12.0359281437126	0
GTGTGATCAAATCCCA	10.0661000944287	1
GTGTGATCAGATCCTA	10.3271983640082	0
GTGTGATGTTTCGATG	6.51793525809274	0
GTGTGATTCGTAGGAG	11.9599248591108	0
GTGTGGCAGAATTTGG	8.85416666666667	0
GTGTTAGGTAGTCTTG	6.65422885572139	0
GTGTTAGGTTGAGAGC	9.51704545454546	0
GTGTTCCCATTGGATC	13.8456937799043	0
GTGTTCCGTGATTAGA	8.48194867333623	0
GTTACAGAGCTCACTA	11.7757712565839	0
GTTACAGTCGTCTACC	7.66488413547237	0
GTTAGACAGTCATTGC	10.3789689313759	0
GTTAGACGTGGTCCCA	8.08713816771113	0
GTTAGACGTTGTGTAC	9.33881210310049	0
GTTAGACGTTTAGTCG	8.41057329213869	0
GTTAGTGCAGCACAGA	7.68086781558919	2
GTTAGTGTCTCACTCG	5.8256880733945	0
GTTATGGCAAGATGGC	6.87912942090944	0
GTTATGGCACCCTTGT	7.31707317073171	0
GTTATGGGTGAATTGA	4.78961504028648	0
GTTATGGTCTCATGCC	8.76341338783853	0
GTTCATTCAACGACAG	9.37585922463569	0
GTTCCGTAGGGTGAGG	7.91300323924109	0
GTTCCGTCACTTGGCG	9.57674219752031	0
GTTCCGTGTGGGAGAG	8.63436123348018	3
GTTCGCTAGATGGTCG	10.3514224240975	0
GTTCGCTCAGATAAAC	10.0811123986095	0
GTTCGCTGTTAAAGTG	10.8762490392006	0
GTTCTATCATGACCCG	12.9328327075511	0
GTTCTATTCTCAATCT	7.46031746031746	0
GTTCTATTCTCTGACC	9.34144595561918	0
GTTGAACAGGTTCCAT	11.340206185567	0
GTTGAACCAGGTGTTT	7.63520678685048	0
GTTGAACCAGTAGAAT	7.45776679027606	0
GTTGCGGCAATTGCGT	14.0589569160998	0
GTTGCGGGTATACGGG	8.05529075309819	0
GTTGCTCGTTGTCATG	10.5256648113791	0
GTTGTAGCATCTGTTT	9.15170714537135	0
GTTGTAGTCCGTTGGG	11.0968979852894	0
GTTGTCCGTGATACCT	8.08997632202052	0
GTTGTGACATGAATAG	11.4161849710983	0
GTTTACTAGCAGCGAT	8.72972972972973	0
GTTTGGACACCGGCTA	8.19383259911894	0
GTTTGGATCCAGCCTT	12.3671908202295	0
TAACACGGTGGCTTGC	13.7770241627808	0
TAACACGTCAGCGTCG	7.79062690200852	0
TAACCAGTCACCTGTC	9.69911504424779	0
TAACCAGTCTACCACC	6.52375434530707	0
TAACGACAGGTGCAGT	10.8824693312228	0
TAACGACCAACCTATG	8.93578805568029	0
TAACGACCACCGTGAC	6.28683693516699	0
TAACGACTCAACACCA	5.97194388777555	0
TAACGACTCACATACG	9.08616187989556	0
TAACGACTCAGGAGAC	10.9001406469761	0
TAACGACTCATTGGTG	10.9812449035064	0
TAACGACTCTCTCTAA	10.7639800472565	1
TAACTTCCAACACACT	6.80535966149506	0
TAAGCACTCCCTTCCC	7.4245224892175	0
TAAGCCAGTGTCTTAG	8.1651376146789	0
TAAGCCAGTTTACACG	10.2896007020623	0
TAAGCCATCTCTGAGA	5.47240411599626	0
TAAGCGTCACTAACCA	9.46822308690013	0
TAAGCGTGTAAGATAC	9.19499105545617	0
TAAGCGTGTGGCTGCT	9.00473933649289	0
TAAGCGTGTTGCGTAT	12.1611154144074	0
TAAGTCGAGCAGGCTA	9.39381774387796	0
TAAGTCGAGCATAGGC	5.26315789473684	0
TAAGTCGGTAGTCGTT	9.9645928174001	0
TAAGTCGGTCCAACGC	7.75151181968114	0
TAAGTCGGTGGTTTGT	11.1370944168372	0
TAAGTCGGTGTAACGG	8.78679750223015	0
TAAGTCGGTTATAGCC	9.00098911968348	0
TAAGTCGTCGTTCGCT	8.75850340136054	0
TAATCTCAGGATGGCT	8.79616577389343	0
TAATCTCGTGCATTAC	8.89694041867955	0
TAATTCCGTTGCCAAT	7.94178794178794	0
TACACCCCAACGAGGT	9.02090209020902	0
TACACCCGTGTTTCTT	6.68677727501257	0
TACACCCTCAACCCGG	7.88296041308089	0
TACACCCTCCTACGAA	7.61606677099635	0
TACAGGTAGAAGCTGC	10.4212253829322	0
TACAGGTAGATCCCAT	5.97548518896834	0
TACATTCAGTCATGAA	6.56020716443677	0
TACATTCCACCTGTCT	9.64230171073095	0
TACCCACGTATCCCTC	8.87337986041874	0
TACCCACTCAAGCGTT	7.14598860149057	0
TACCCACTCCATCGTC	12.5202265372168	0
TACCCGTAGAGGTTTA	6.89053641517662	0
TACCCGTAGTTCATCG	6.78241996744438	1
TACCCGTAGTTCCATG	9.52530650738761	0
TACCCGTGTGCGACAA	8.62302483069977	0
TACCGAAAGCCAACCC	9.17709518392112	0
TACCGAACATACACCA	7.50636132315522	0
TACCGAAGTGCAGTGA	10.7771260997067	0
TACCGAAGTGTCATCA	9.1413032109612	1
TACCGGGAGCCTCATA	11.6863905325444	0
TACCGGGCAACGGCCT	10.608020698577	0
TACCGGGCATACTGTG	8.38305489260143	0
TACCTCGGTCCCGGTA	6.41447368421053	2
TACCTGCAGCTCCATA	7.60483297796731	0
TACCTGCAGTGCAACG	5.76976421636616	3
TACGGGCAGATGAACT	11.3386761650341	0
TACGGGCCAAGTGGAC	9.79808010592519	0
TACGGGCGTACGCGTC	9.58818958818959	1
TACGGTAGTTCTGACA	9.88884630126485	0
TACTGCCAGGGCCAAT	7.60401721664275	0
TACTGCCAGGGTTTCT	9.19899874843554	0
TACTGCCTCCGGCAAC	9.82511923688394	0
TACTTACAGTGATTCC	9.38189845474614	0
TACTTACCAACGACTT	9.09688013136289	0
TACTTCAAGTATGGCG	12.9296875	0
TACTTGTGTCAACGCC	8.36920133907221	0
TAGACCAGTATCTCGA	7.81918142944411	0
TAGACCAGTTGAAGTA	10.3850931677019	1
TAGACTGAGCATCAGG	12.814465408805	0
TAGACTGCACTGAATC	8.62460281434408	0
TAGACTGCAGCGTACC	11.6598588934274	0
TAGACTGGTATCATGC	8.36536982930955	2
TAGACTGTCGCTGTTC	9.33403251179864	0
TAGAGTCCACAAGCCC	11.9180218311428	1
TAGCACACACTCCTGT	7.93180133432172	0
TAGCACACAGCCATTA	7.17013152312261	0
TAGCACATCTCACGAA	9.51683748169839	0
TAGGAGGCAGTAGTTC	8.87939221272555	0
TAGGAGGGTCAAAGCG	8.15722738799662	0
TAGGAGGTCCACAGCG	5.41387024608501	0
TAGGTACCAATCGCGC	5.73868149324861	1
TAGGTACCACGCTGCA	10.2866029771162	1
TAGGTACGTCACTAGT	8.7821043910522	0
TAGTGCAGTGGGAGAG	7.20674674163046	2
TAGTGCATCTCTGACC	5.56911471045041	0
TATACCTAGTCAGGGT	11.1271676300578	0
TATACCTTCAGCAGAG	12.046817013988	0
TATATCCAGACGCATG	10.5908584169454	0
TATATCCGTCATAACC	7.23883831816211	0
TATCAGGAGTCACTAC	7.85862785862786	0
TATCCTAAGGGACACT	9.30379746835443	0
TATCCTAGTTCTCGCT	6.38044126416219	0
TATCGCCCAAGAGCTG	11.0279637652619	0
TATCGCCCACGGCTAC	9.45989133908597	0
TATCGCCCAGCTGAAG	13.2955536181343	0
TATCGCCGTGCCGTTG	11.403169694627	0
TATCTGTCAAGTTCGT	4.44214876033058	0
TATCTTGCAGGGTCTC	11.1163007940215	0
TATCTTGTCGTGTCAA	10.9186351706037	0
TATGTTCGTGACGTCC	6.8058568329718	3
TATGTTCTCGTTCAGA	6.59105499679007	2
TATTCCACACATTACG	6.75176352032247	1
TATTCCACACCGCTGA	7.31939163498099	0
TATTCCAGTATCAGCT	7.21605465414176	0
TATTGCTGTACGTAGG	9.93314231136581	0
TATTGCTTCACTTATC	6.6577000672495	0
TATTGGGGTAGAAACT	6.884765625	0
TATTGGGGTTTGGAGG	8.43137254901961	0
TATTTCGAGTTTCTTC	11.8440779610195	0
TATTTCGCAAGCGAGT	10.1192766448634	0
TATTTCGCAATAACCC	9.40209949794614	3
TCAAGACGTATGTCAC	6.61634103019538	0
TCAAGACTCACCGACG	8.52320675105485	0
TCAAGCAAGCGTGAAC	7.7646763672855	1
TCAAGCACAGAGTCAG	6.24040920716113	0
TCAAGCAGTCACATTG	7.02826585179526	0
TCAAGCAGTCTTACAG	8.56177243710101	0
TCAAGCATCACGGACC	5.40732835289932	0
TCAAGCATCCAGGACC	5.87385652383245	0
TCAAGTGGTTACCCAA	11.8481595092025	0
TCAATCTCACCTCGTT	8.76975519057948	0
TCAATCTGTCAGCTTA	7.74590163934426	0
TCAATCTTCCACCTGT	9.05129064699966	0
TCAATCTTCCAGTGCG	8.27354260089686	0
TCAATCTTCGACGACC	8.31087151841869	0
TCAATTCCAAATTGGA	10.5396023982329	0
TCAATTCCATTCCTAT	8.11394044022443	0
TCAATTCGTAGTTAGA	10.9647058823529	0
TCAATTCGTTGTCCCT	8.49900596421471	0
TCACAAGAGTATGAAC	11.1801242236025	0
TCACAAGGTATGATCC	11.1885245901639	0
TCACAAGGTGTTCGAT	7.23062381852552	0
TCACAAGTCAGGAACG	6.41221374045802	0
TCACACCCAGAATTCC	9.43047337278106	0
TCACATTAGTCATGGG	7.61784511784512	0
TCACATTCAAGGCCTC	10.4882459312839	0
TCACATTTCTTTGATC	7.40210978008225	2
TCACGCTAGAATCGTA	7.23790573311777	1
TCACGCTAGAATCTAG	8.79249706916764	0
TCACGCTCAGAAATTG	9.35530780416869	0
TCACGCTCAGAGGAAA	6.75065367245068	1
TCACGGGGTCAACCAT	7.7883361281908	1
TCACTATAGAAATCCA	8.52660300136426	0
TCACTATCACTAACGT	9.08695652173913	0
TCACTATTCACTCTTA	7.12132629992464	0
TCAGCAAAGCTGCCAC	7.946735395189	0
TCAGCAAGTTAAGGGC	10.4010025062657	0
TCAGCAAGTTTCCATT	9.44148936170213	0
TCAGCCTGTCGAACGA	8.3679739743358	1
TCAGGGCGTACATTGC	14.4076476613179	0
TCAGGTAAGCAGCAGT	8.6634970945589	0
TCAGGTAGTAAGCGGT	10.1933924254633	0
TCAGGTATCTATACGG	7.76906628652887	0
TCAGGTATCTTTGATC	9.43960149439602	1
TCAGTCCAGAAACACT	7.75409329626197	0
TCAGTCCAGACTCAAA	10.035068788778	0
TCAGTCCAGGAAGTCC	10.1733576642336	0
TCAGTCCAGGCTTCCG	10.0927643784787	0
TCAGTCCCATATGGCT	9.55252300856871	0
TCAGTCCTCCTAAGTG	7.25043782837128	0
TCAGTGACAATGAAAC	10.2992345163535	0
TCAGTTTAGCGTATAA	8.1043810332025	1
TCAGTTTTCCCATAGA	9.13978494623656	0
TCAGTTTTCGGTCGAC	7.97183098591549	0
TCATACTAGTACCATC	9.69242698371672	0
TCATACTGTGAAAGTT	9.67741935483871	0
TCATACTGTGGATCAG	8.86739218057235	0
TCATATCCACTCAAGT	8.96720167480809	0
TCATATCGTTCGTTCC	7.66932270916335	0
TCATATCTCTATTTCG	10.7472712006717	0
TCATCATAGTAACCGG	10.0223546944858	0
TCATCATGTACGTACT	7.64119601328904	0
TCATCATGTTACACAC	6.47208121827411	0
TCATCCGAGGTTGGTG	8.17907877744296	0
TCATCCGGTGATATAG	9.77835723598435	0
TCATGAGTCCATCGTC	9.87540378403322	0
TCATGAGTCCTCACCA	8.96419437340153	1
TCATGCCAGATAGCTA	10.4769057453999	0
TCATGGACACGAGGAT	7.72815533980583	0
TCATGGAGTATCACCA	7.12365591397849	0
TCATGGAGTGCACAAG	7.98101811906816	2
TCATGGATCCACTGGG	9.11925175370226	0
TCATGTTCAAGATCCT	7.39420935412027	0
TCATGTTGTACCAGAG	7.83956244302644	0
TCATTACAGCGATCGA	12.9181677817808	0
TCATTACCACACCAGC	7.88020390824129	0
TCATTACCACTCTCGT	8.04307974335472	2
TCATTACTCGTCCATC	5.12987012987013	0
TCATTACTCTGAATCG	10.0913786253476	0
TCATTGTAGTATCTGC	8.53161114887831	0
TCATTGTGTTCGGCTG	9.53389830508475	0
TCATTTGCATCTGCGG	8.62533692722372	0
TCATTTGGTCGGTGTC	9.36462970457305	1
TCATTTGGTGGCTACC	8.43503230437904	0
TCATTTGTCTCGCAGG	7.3207171314741	0
TCCACCAAGTGCAGCA	7.9707622694048	0
TCCACGTAGTGTTCCA	9.86915058771346	2
TCCACGTTCACTCACC	9.78994748687172	0
TCCCACAAGAGGATGA	10.0942872989462	0
TCCCACACAAATGAAC	10.9674543022737	0
TCCCACATCGAGTCTA	6.95687550854353	2
TCCCATGAGATACTGA	11.3484220592923	0
TCCCATGAGCCTTGAT	12.5159642401022	0
TCCCATGAGTAAACAC	13.0782918149466	0
TCCCATGAGTCTAACC	14.8379919343624	2
TCCCATGCACAGCTTA	10.607704829083	0
TCCGAAAAGTGCGACA	7.54155476518836	0
TCCGAAAGTGGACCAA	10.5523903889027	1
TCCGAAAGTTCCTAAG	10.1732399557685	0
TCCGAAATCAACGCTA	11.1182519280206	0
TCCTAATAGAGAGGTA	11.4327062228654	0
TCCTAATCATGAATCC	7.35157699443414	0
TCCTAATGTCCGGATC	10.2632582983594	0
TCCTAATTCCAATCCC	8.81039382866423	0
TCCTCCCAGGAAGTCC	7.95967100026532	0
TCCTCCCCACTTTATC	7.24179829890644	0
TCCTCCCGTCTACATG	9.00609974883387	3
TCCTCCCTCTCCATAT	3.83731617647059	0
TCCTCGAGTCTGTGGC	10.3732638888889	0
TCCTCTTCATGGGATG	8.39567747298421	0
TCCTGCAAGTTTGGCT	9.95788206979543	0
TCCTGCACACGGCGTT	9.38641344046749	0
TCCTGCAGTACGATCT	9.00287882753206	0
TCCTGCAGTAGAAACT	9.47333554157006	0
TCCTTCTCACCCAATA	10.4138851802403	0
TCCTTTCAGAGTGTGC	13.3492252681764	0
TCCTTTCAGTTACTCG	9.85074626865672	0
TCCTTTCCAAGGCGTA	10.2952913008779	0
TCCTTTCCACAAATGA	10.0878868933894	0
TCCTTTCGTGCACGCT	9.34507851397932	0
TCCTTTCTCCTGATAG	8.20413436692506	0
TCGAACAAGAGTCCGA	6.84315684315684	0
TCGAACATCTTTCAGT	11.1453201970443	0
TCGAAGTAGTAGACAT	11.4206128133705	0
TCGAAGTCACGACGTC	11.4046391752577	0
TCGAAGTGTCAACATC	9.87212276214834	0
TCGACCTAGCCTATTG	7.14040508067285	0
TCGACCTAGGTCACCC	11.3207547169811	0
TCGACGGAGAAGATCT	11.5110611173603	0
TCGACGGAGCTGACTT	7.2098976109215	0
TCGACGGAGTTGGCTT	7.27272727272727	0
TCGACGGTCACCATCC	9.33835845896147	0
TCGATTTAGGTGCAGT	8.05957074025405	0
TCGATTTCAACAGTGG	9.37945791726106	0
TCGCAGGTCGTCAACA	7.01051577366049	0
TCGCTCATCTAGCAAC	7.2721396250808	0
TCGCTTGGTTGAGAGC	6.04364857302742	0
TCGCTTGTCGTCCTCA	7.01565029681597	0
TCGGATAGTGATGTAA	13.1140153222172	0
TCGGGACGTGGACAGT	10.695468914647	0
TCGGGACGTGTCATGT	10.7000795544948	0
TCGGGCAAGGGAGGTG	9.4722598105548	2
TCGGGCACAGGCTATT	11.43583227446	0
TCGGGCACATATGAAG	8.08781051415367	1
TCGGGCAGTTGGGAAC	9.89093644227153	0
TCGGGCATCATGCGGC	11.6150442477876	0
TCGGGTGAGGCGAAGG	11.2639724849527	0
TCGGGTGCACGTATAC	10.6060606060606	0
TCGGTCTGTGTTGACT	7.4835886214442	0
TCGTAGAAGAGCTGAC	7.33279613215149	1
TCGTAGAAGATGACCG	6.47524752475248	1
TCGTAGAGTATGAGGC	9.83649104593823	0
TCGTCCACAGCGGATA	7.20496894409938	0
TCGTGCTGTACCATAC	7.27739726027397	2
TCGTGGGAGGTATTGA	11.3191489361702	0
TCGTGGGCATAACGGG	9.04907975460123	0
TCGTGGGGTACTAACC	8.07248764415156	0
TCTAACTCATCGGAGA	8.0188679245283	0
TCTAACTGTATTGCCA	6.3925855513308	0
TCTAACTGTGGGTATG	10.4146100691017	0
TCTACCGAGGTTCCAT	8.07823129251701	0
TCTACCGCAAATCGGG	9.70996216897856	0
TCTATCAAGGATATGT	6.84491978609626	1
TCTATCAGTGGTTCTA	9.31460450288902	1
TCTATCATCGAACCAT	7.54378087112708	0
TCTCACGAGATTGCGG	10.2147039687703	0
TCTCACGTCCTAGCTC	12.0234604105572	0
TCTCAGCCACGCTGCA	12.233079985523	0
TCTCAGCTCAATCCGA	7.74299835255354	0
TCTCAGCTCGGTAACT	6.90423162583519	0
TCTCTGGAGTGCCAGA	7.81440781440781	0
TCTCTGGCAAGACAAT	6.84158087014281	0
TCTCTGGCATGTTCGA	8.34613415258577	0
TCTCTGGGTGGACAGT	9.38367573570239	1
TCTGGCTAGAGTCAAT	9.80561555075594	0
TCTGGCTAGAGTCTGG	8.32123850991776	0
TCTGGCTAGTTGCCCG	9.20940776423916	0
TCTGGCTTCGACCCAG	9.17705735660848	0
TCTTAGTAGAACAGGA	14.0658664204371	0
TCTTAGTGTAGGCAGT	12.175572519084	0
TCTTAGTTCAAGCGTT	7.75434243176179	0
TCTTCCTCATAACGGG	10.3361344537815	0
TCTTGCGGTCATACCA	10.9097127222982	0
TCTTGCGTCGGAGTAG	9.46930280957336	1
TCTTGCGTCTCTCAAT	10.0309323906319	0
TCTTTGACAATGACCT	8.98461538461538	0
TGAACGTAGTTCCGGC	7.97757654161276	0
TGAACGTCAGCATACT	9.35400516795866	0
TGAACGTCATTCTCCG	6.75490643541762	0
TGAATCGAGGTCCCGT	11.1687725631769	2
TGAATCGGTTGAGAGC	11.750694720127	1
TGAATGCCAAGGTACG	8.45437616387337	0
TGAATGCCAGGCAATG	7.03296703296703	0
TGACAGTTCTAAGCCA	10.8022519352569	0
TGACGCGAGGGTACGT	13.6255521576622	0
TGACGCGCATCCGTTC	8.13704496788009	0
TGACGCGTCTGGGAGA	10.1036269430052	0
TGACTCCCAGGCCCTA	7.67746913580247	0
TGAGCATGTAACGCGA	8.54816824966079	0
TGAGCATGTCGCTTGG	8.7719298245614	2
TGAGCATTCGCGTGCA	9.81124248081311	0
TGAGCGCCAGCTATTG	8.53258321612752	0
TGAGCGCCAGTAGTGG	11.4122681883024	0
TGAGCGCTCCGAGGCT	8.02886783942264	0
TGAGCGCTCGATCCAA	11.0455311973019	0
TGAGGAGTCCCAGGAC	10.0440176070428	0
TGAGGAGTCTTGCAAG	9.66101694915254	0
TGAGGGAAGATTCGAA	6.0126582278481	0
TGAGGGACACTCCACT	7.44627686156922	0
TGAGGGAGTCAAGGCA	10.0076982294072	0
TGAGGGAGTGTCCCTT	7.93978748524203	2
TGAGTCACATTGAGGG	8.1093713484459	1
TGATCAGAGTTCATCG	8.30434782608696	0
TGATCAGTCTATGCCC	9.58145970252508	0
TGATCTTGTTACGGAG	7.89808917197452	0
TGATGCAGTCAAACGG	7.3370959466393	0
TGATGCATCGCGGTAC	10.0314136125654	0
TGATGGTGTAAGGCTG	10.7003199431212	0
TGATGGTTCTCCTGCA	13.0345635618043	0
TGATTCTCAAGTGCTT	8.55874041178845	0
TGATTCTCACCAACAT	9.5496168940385	0
TGATTTCAGTTGCGCC	8.96199659671015	0
TGATTTCGTACGTACT	5.95184007269423	0
TGATTTCGTCACTACA	9.72803347280335	0
TGCACGGAGCGCCTAC	12.3614190687361	0
TGCACGGAGGACAGTC	11.3478691774034	0
TGCACGGCACTCATAG	6.49488175079421	0
TGCACGGGTGACAGCA	7.98919336163643	0
TGCAGATTCATTGCGA	9.00233826968044	0
TGCAGATTCCACTGGG	8.30081589216034	0
TGCAGGCAGGAAAGAC	10.4750304506699	0
TGCAGGCAGGTGCCTC	5.96885813148789	0
TGCAGGCCACAACGAG	5.38842975206612	0
TGCAGGCCACGCGGTT	8.99954317039744	0
TGCAGGCCACGGTAGA	9.66816878328554	0
TGCAGGCGTAGCCCTG	10.6397459165154	0
TGCAGGCTCTAGTCAG	4.75658776239393	1
TGCAGTATCCTGTTAT	7.27642276422764	0
TGCATCCGTTGATGTC	8.19081908190819	0
TGCATCCTCGACCACG	8.42230130486358	0
TGCATCCTCGCCAATA	8.48508330104611	0
TGCATGAAGTTCCGTA	6.44606789858187	0
TGCATGACAACGGGTA	8.33333333333333	2
TGCCGAGCACTTACAG	12.0457604306864	0
TGCCGAGGTATGCTAC	7.20461095100865	0
TGCGACGGTGACAACG	8.17585807944466	0
TGCGACGGTTCAACGT	11.1747688467865	0
TGCGATAAGAAGCGCT	8.72391378720493	0
TGCGATACAACCTATG	13.2621951219512	0
TGCGATAGTGAGCGAT	12.0661157024793	0
TGCGATATCCTGGCTT	9.23586040914561	0
TGCGGCAAGTGCCTCG	11.1982082866741	0
TGCGGCACAAGCTACT	7.78373339547891	0
TGCGGCATCCATCTGC	9.86815821014782	0
TGCGGGTCACACACGC	4.91109229466554	0
TGCGGGTTCAGCCTCT	4.77016478751084	2
TGCTGAATCTCTGCCA	10.775782262544	0
TGCTTCGAGATGCGAC	10.170838299563	0
TGCTTCGCATATAGCC	11.8364655456644	0
TGCTTCGGTGCTCTCT	6.14194722474977	0
TGCTTGCGTAGTCTTG	8.40851678094551	0
TGGAACTAGGGTCTTT	7.11538461538461	0
TGGAACTTCAGTAGGG	9.74745237040319	0
TGGAGAGAGGTGCTAG	13.1390593047035	0
TGGAGAGGTCCAAAGG	9.00954653937947	0
TGGAGAGGTGCTGTCG	8.57037310676025	0
TGGAGAGTCAATCTTC	10.8536585365854	0
TGGAGGAAGACCTCCG	8.77091748413156	0
TGGAGGACAAGGTCTT	11.4120781527531	0
TGGAGGACACCCTGAG	12.987012987013	0
TGGAGGAGTCCTACGG	13.9362342089433	0
TGGAGGATCCGTTTCG	9.20181247821541	3
TGGATCACAATGACCT	9.67741935483871	0
TGGATCATCGATAACC	9.13838120104439	0
TGGATGTTCCCATAAG	12.1143562320033	1
TGGATGTTCTGGGCGT	10.4497354497354	0
TGGCGTGGTCTCAGAT	7.51798282929848	2
TGGGAAGAGACGACTG	7.96299105111482	1
TGGGAAGGTGCCTATA	8.02504268639727	0
TGGGAAGTCTAGTCAG	10	1
TGGGAAGTCTTCGACC	6.88683044703987	0
TGGGAGAAGTGGTTGG	5.29450694904037	0
TGGGAGAGTACGACAG	7.81544256120527	0
TGGGAGATCTTAGCTT	6.63656884875846	0
TGGGATTGTATAGGGC	9.45355191256831	0
TGGGATTGTGAATGTA	12.1772394007013	0
TGGGCGTAGCTTCATG	10.7863318237958	0
TGGGCGTCAGTTCACA	6.81818181818182	2
TGGGCGTGTGTCTTGA	9.71715328467153	0
TGGGCTGGTCTTCAAG	7.43793031504277	1
TGGGCTGGTTCAAACC	10.5957767722474	0
TGGGCTGTCAGCGGAA	9.54391891891892	0
TGGGTTACAGAGTTGG	11.011673151751	0
TGGGTTATCTCGGTCT	7.48129675810474	0
TGGTACACAAGCTCTA	8.77134248409776	0
TGGTACAGTTCAAGGG	6.89144127454613	0
TGGTACATCGACCAAT	6.88575899843505	0
TGGTACATCGGCGATC	6.33344744950359	0
TGGTAGTAGTACAGAT	8.78070973612375	0
TGGTAGTTCAACGAGG	7.34838424081452	0
TGGTGATAGTTGTAAG	8.76350540216086	0
TGGTGATTCCTTTAGT	10.3358208955224	0
TGGTTAGGTAAGTTAG	12.012987012987	0
TGGTTAGTCTTTCCAA	7.65661252900232	0
TGTAACGAGGCAGCTA	8.91089108910891	0
TGTAACGAGGTGGGTT	10.2573666542335	0
TGTAACGAGTGAGCCA	7.19112584470228	2
TGTAAGCCAGGCTACC	8.43845150065246	1
TGTAAGCTCCATGAGT	7.73594636410521	0
TGTCAGACAACGATTC	6.93548387096774	0
TGTCAGACAGTCTACA	9.4002306805075	0
TGTCAGAGTTACGGAG	9.62245885769603	1
TGTCCACCAAGCAGGT	14.1436464088398	0
TGTCCACCACAGAAGC	7.43207712532866	1
TGTCCCAGTACTCGTA	10.4857142857143	0
TGTCCTGCAACCACGC	6.48398301813971	0
TGTGAGTTCCGCTGTT	11.1382361916387	0
TGTGATGGTGCGACAA	9.16429249762583	0
TGTGATGTCCAATCTT	10.2233250620347	0
TGTGCGGCATCCCGTT	10.5877616747182	0
TGTGCGGGTATCGAAA	5.83365421640354	1
TGTGGCGAGAACTGAT	12.1184510250569	0
TGTGGCGCAGATACCT	9.00646203554119	0
TGTTACTAGTTGGAGC	10.9083850931677	0
TGTTACTTCCTATTTG	5.18804566823371	2
TGTTCATCAGGCGTTC	7.53793441018111	0
TGTTCATTCGCAGATT	9.9746835443038	0
TGTTCCGCAAGTGACG	11.9083060434653	0
TGTTCCGCAATTTCCT	7.35541830432341	0
TGTTCCGTCAGCAGAG	7.08695652173913	0
TGTTCTACAACCTATG	6.77789363920751	0
TGTTCTAGTGATACCT	7.15658021133526	0
TGTTCTAGTGTTTACG	8.60121633362294	0
TGTTGAGAGGGTAGCT	7.81458214353703	3
TGTTGAGAGTACAACA	10.0314575323314	0
TGTTGAGCAACAAAGT	8.6	0
TGTTGAGTCGTAACTG	8.15307820299501	0
TGTTGGAGTCCGGCAT	8.86917960088692	0
TGTTTGTAGGAGGCAG	11.015785861359	0
TGTTTGTCAGTGTACT	6.28192032686415	0
TGTTTGTGTATCAAGA	6.7476948868399	0
TTACAGGGTGTGTTTG	11.1564121571534	0
TTACCATAGGGTTGCA	9.822263797942	3
TTACCATCATATCGGT	12.1691031212959	0
TTACCATTCGTCAGAT	5.75252406668232	1
TTACCGCCAATCCTAG	6.81486880466472	0
TTACCGCGTATCTTCT	8.42212815647351	1
TTACCGCTCTAGCCAA	8.26857939828651	2
TTACGTTAGGGACCAT	10.5170902716915	0
TTACGTTCATCATTTC	9.09090909090909	0
TTACTGTTCTGCATGA	7.1787358727501	0
TTAGGCAAGGATACAT	8.63243980009087	0
TTAGGCAAGGTCTGGA	12.8811627244229	0
TTAGGCACATCTGGGC	7.76460972619534	0
TTAGGCATCTGGACTA	9.03225806451613	0
TTAGGGTAGCGTATGG	9.09090909090909	0
TTAGGGTCAGGTGTTT	9.56622773044152	0
TTAGTCTAGCTCGCAC	9.56477732793522	0
TTAGTCTCACCGTCGA	11.233967271119	0
TTAGTCTGTGTTGACT	8.67389491242702	0
TTATTGCCACCAGGTC	5.53116769095698	0
TTCACCGGTCAAACGG	8.89423076923077	0
TTCACGCCAACGACAG	7.87241262300645	0
TTCACGCCAGCCTACG	9.16305916305916	0
TTCACGCTCCAACTGA	7.63195435092725	0
TTCACGCTCGAGCTGC	7.1599484630959	1
TTCAGGAAGCGATCGA	8.53858784893268	0
TTCAGGACACCGAATT	9.88966080915407	0
TTCAGGACAGAGTTGG	12.5177137458668	0
TTCAGGAGTAGCTGCC	9.0975788701394	0
TTCAGGAGTCCAGAAG	9.1703056768559	0
TTCAGGAGTGTGTGTT	10.6575963718821	0
TTCAGGATCTGCTTTA	8.64911773213769	0
TTCAGGATCTTGAACG	9.57095709570957	0
TTCATGTCAGACCTAT	10.8228617754358	0
TTCATGTCAGTAGAAT	9.65099715099715	0
TTCATTGAGCTAAACA	6.75657631192415	1
TTCATTGAGTGTTGAA	9.50347036839295	0
TTCATTGCAATGGCAG	9.11602209944751	1
TTCATTGGTATACAGA	11.5909090909091	0
TTCATTGGTATAGCTC	12.0689655172414	0
TTCCAATAGGTTAAAC	8.17669172932331	0
TTCCAATAGTACAGAT	12.3674911660777	0
TTCCAATCAGCGATTT	5.99898322318251	0
TTCCAATGTAGCGCCT	10.4419410745234	0
TTCCAATTCCTGCCAT	12.7307274701412	0
TTCCACGCATTGCAAC	7.14905933429812	0
TTCCACGGTGATTCAC	10.4180945853324	0
TTCCACGGTTCACGAT	8.50536746490504	0
TTCCGGTAGTATGCAA	9.55098934550989	0
TTCCGGTCAGGCGTTC	7.92993630573248	2
TTCCGGTTCCCAGGCA	6.78985818650623	0
TTCCGTGGTAGCGTCC	9.08718788374949	0
TTCCTAACAGCGTGCT	8.75341930441579	0
TTCCTAAGTAACGATA	9.04901550062841	0
TTCCTAAGTGAGTTGG	10.0678142931664	0
TTCCTCTCATGTTTGG	9.77973568281938	0
TTCCTCTTCGCCAATA	10.808114399734	0
TTCGATTAGAGAGAAC	11.5447154471545	0
TTCGATTGTAGGCAGT	7.94815358278308	1
TTCGATTGTATCGCAT	7.73001508295626	0
TTCGATTTCCATTCGC	7.45028945381324	0
TTCGATTTCCGCACTT	7.96728264162375	0
TTCGCTGGTACCATAC	5.33462657613967	0
TTCGCTGTCAGTAGGG	12.6120556414219	1
TTCGGTCGTATATGGA	6.40507789959608	0
TTCTAACAGACACACG	6.65834373699542	0
TTCTAACAGACTCGAG	7.38045738045738	0
TTCTAACGTATGGAAT	10.2203647416413	0
TTCTAGTGTTCAACGT	10.4833219877468	0
TTCTAGTTCAATCTCT	7.44459833795014	0
TTCTCTCCATGAAGGC	9.62174072713919	0
TTCTGTAAGAACCGCA	6.9474199669462	2
TTCTTCCGTGTGATGG	9.29496402877698	0
TTCTTGAAGAATTTGG	11.0212335692619	0
TTCTTGAAGTGAGCCA	8.1537565521258	2
TTGAACGTCCCATAGA	10.957324106113	0
TTGACCCGTCGTTATG	10.3803768218983	0
TTGACCCGTTCTCACC	6.94618272841051	0
TTGAGTGCATCACAGT	7.59403832505323	0
TTGAGTGTCGGTAGAG	9.10994764397906	0
TTGAGTGTCTTCGGTC	11.6705882352941	0
TTGATGGGTACGCGTC	9.87967067764408	0
TTGCATTAGTAAGAGG	8.14402057436777	0
TTGCATTAGTATGATG	6.68292682926829	0
TTGCATTCAAGATGTA	8.64567716141929	0
TTGCATTCACACAGAG	7.95668549905838	0
TTGCCTGCACACTGGC	9.95243322356385	0
TTGCGTCTCAAGTCGT	11.5776600081533	0
TTGCTGCTCATACGAC	7.64604810996564	0
TTGCTGCTCTTTGCTA	7.84982935153584	0
TTGGGATCAGATAAAC	5.04281636536632	0
TTGGGATCATGACACT	11.1683168316832	0
TTGGGCGCAACATACC	5.62793121417405	0
TTGGGCGCACACGCCA	7.14610832954028	0
TTGGGCGGTCTAGATC	7.95918367346939	0
TTGGGTACAACGTAAA	10.6467223933128	0
TTGGGTAGTTACCTGA	9.66782350024789	0
TTGGGTATCGGCCTTT	5.99323344610923	0
TTGGTTTGTTCCACAA	8.04902285525008	0
TTGTGGACAATGAGCG	5.2584670231729	0
TTGTGGACAGTGGGTA	11.8415679869334	0
TTGTGTTAGACCATAA	9.23863428884426	3
TTGTGTTCATGGAACG	9.21677215189873	0
TTGTTCACACTTGTCC	5.53804592525889	0
TTGTTCATCCTTGAAG	9.96360327570519	0
TTGTTGTAGAAGGCTC	8.64770748694138	0
TTGTTGTAGCGCTTCG	7.50127821196406	1
TTGTTGTGTAGCTGTT	7.56929637526652	0
TTGTTTGCAATACCCA	9.95834911018554	0
TTGTTTGCATCCTTGC	8.76635285487223	1
TTGTTTGGTTGAGTCT	8.03629293583927	0
TTTACCACATTGCTTT	9.31080185553347	0
TTTACCAGTACTAAGA	8.58787073926516	0
TTTACGTAGGGACAGG	10.0282485875706	2
TTTACTGTCAAACGAA	9.65384615384616	0
TTTATGCAGATCCCAT	7.44101633393829	1
TTTATGCCAGTCGCAC	7.10790975808644	1
TTTATGCCAGTGGGTA	9.61038961038961	0
TTTATGCTCGTTCTAT	5.93175853018373	1
TTTCACAAGGCCCGTT	10.7096774193548	0
TTTCACACACTTGTCC	10.9932838458819	0
TTTCACAGTGTCCGGT	13.5688185140073	0
TTTCACATCGTTCTCG	8.10612991765782	1
TTTCAGTCAGCGTGCT	6.88607594936709	0
TTTCATGCAACGAGGT	8.95445134575569	0
TTTCATGCATGTGACT	8.39612486544672	0
TTTCATGGTTGCTGAT	8.77988458367684	0
TTTCGATTCCTTTAGT	7.78128286014721	0
TTTCGATTCTCCATAT	2.66075388026608	1
TTTGACTAGGACAGCT	10.077519379845	0
TTTGACTAGTAATTGG	7.02303735182286	1
TTTGACTTCGAGCTGC	9.80837934394284	0
TTTGGAGCATGGTGGA	9.39514891003991	0
TTTGGTTCAGGACTTT	10.7789142407553	0
TTTGGTTGTGTTTGCA	5.32581453634085	0
TTTGGTTTCGGCTCTT	6.62045060658579	0
TTTGGTTTCTGGGAGA	8.70870870870871	0
TTTGTTGAGTTATGGA	9.37365010799136	0
